ID,inventada
26266,27.65
26267,29.549999999999997
26268,27.700000000000003
26269,26.87
26270,24.295
26271,23.17
26272,19.65
26273,44.0
26274,32.38
26275,23.3
26276,23.765
26277,35.535
26278,31.42
26279,23.89
26280,28.496000000000002
26281,26.85
26282,28.590000000000003
26283,37.43
26284,32.81
26285,32.52
26286,31.610999999999997
26287,34.82
26288,32.41
26289,29.08
26290,28.4
26291,34.14
26292,30.33
26293,31.619999999999997
26294,33.49
26295,30.88433333333333
26296,24.84
26297,30.15
26298,31.423333333333332
26299,33.75333333333333
26300,43.15
26301,34.25666666666667
26302,25.51
26303,38.925
26304,34.02
26305,31.393333333333338
26306,38.32
26307,36.295
26308,26.33
26309,45.83
26310,23.27
26311,39.73
26312,30.645000000000003
26313,24.9
26314,40.065
26315,37.51
26316,35.38
26317,26.01
26318,-5.0
26319,32.662
26320,25.456666666666663
26321,26.255
26322,26.47
26323,21.815
26324,36.095
26325,31.854999999999997
26326,15.329999999999998
26327,22.056666666666665
26328,31.54333333333333
26329,29.538333333333327
26330,27.421666666666667
26331,-5.0
26332,27.9
26333,35.0
26334,23.81
26335,29.45833333333333
26336,38.145
26337,32.46
26338,31.06666666666667
26339,27.619999999999997
26340,37.82333333333333
26341,33.41
26342,32.28
26343,30.0
26344,21.0
26345,27.0
26346,35.25
26347,32.0
26348,42.21
26349,42.05333333333333
26350,36.51
26351,39.44
26352,37.55
26353,35.0
26354,27.660666666666664
26355,27.490000000000002
26356,29.578333333333333
26357,28.685000000000002
26358,26.41
26359,33.53
26360,24.78
26361,31.29
26362,32.145
26363,37.595
26364,40.17
26365,39.98333333333333
26366,36.39833333333333
26367,43.44
26368,34.54166666666666
26369,39.14333333333334
26370,32.45
26371,45.32
26372,40.2
26373,35.645
26374,35.145
26375,30.090000000000003
26376,31.884999999999998
26377,42.751000000000005
26378,32.73333333333333
26379,35.195
26380,30.034999999999997
26381,34.76
26382,30.115000000000002
26383,29.659999999999997
26384,33.35
26385,30.953333333333333
26386,42.665
26387,37.8475
26388,40.415
26389,47.0
26390,33.19
26391,32.64
26392,30.45666666666667
26393,28.235
26394,35.35
26395,38.94
26396,34.73333333333333
26397,46.02
26398,38.00666666666667
26399,44.31
26400,39.33
26401,29.563333333333333
26402,36.63
26403,25.73
26404,29.369999999999997
26405,28.090000000000003
26406,36.77
26407,-3.0
26408,23.01
26409,33.91666666666666
26410,34.83
26411,39.16333333333333
26412,34.17
26413,30.36333333333333
26414,46.71
26415,31.854999999999997
26416,38.8
26417,45.723333333333336
26418,39.62
26419,41.96
26420,62.0
26421,39.96
26422,37.745
26423,34.52
26424,33.255
26425,29.21
26426,42.92
26427,33.41666666666667
26428,42.88
26429,36.88333333333333
26430,61.0
26431,38.0475
26432,43.68333333333333
26433,37.825
26434,42.375
26435,39.2
26436,33.79
26437,37.14
26438,44.4
26439,42.0
26440,-4.0
26441,31.759999999999998
26442,43.30583333333334
26443,45.30666666666666
26444,45.07
26445,41.41133333333334
26446,50.45
26447,23.09
26448,38.51
26449,47.0
26450,39.71
26451,31.369999999999997
26452,31.488999999999997
26453,34.659
26454,34.84
26455,34.515
26456,32.75
26457,33.565
26458,29.04
26459,28.474000000000004
26460,41.58
26461,35.22
26462,16.91
26463,23.015
26464,28.534999999999997
26465,20.81
26466,34.715
26467,27.085
26468,29.299999999999997
26469,28.17666666666667
26470,31.808333333333337
26471,37.68
26472,26.076666666666664
26473,34.769
26474,22.815
26475,22.30333333333333
26476,33.16
26477,27.43
26478,34.39
26479,27.696666666666665
26480,31.61
26481,42.865
26482,22.34
26483,33.15
26484,29.35666666666667
26485,33.205
26486,32.315
26487,47.035
26488,36.705
26489,37.66333333333333
26490,30.18
26491,30.630000000000003
26492,23.56
26493,34.61166666666667
26494,32.515
26495,35.98
26496,31.104999999999997
26497,32.15166666666666
26498,33.56166666666667
26499,25.933333333333334
26500,31.83
26501,39.53
26502,34.47
26503,35.32266666666667
26504,27.435000000000002
26505,23.95
26506,31.240000000000002
26507,0.0
26508,30.715000000000003
26509,32.78666666666667
26510,35.93
26511,23.97
26512,36.85833333333334
26513,30.220000000000006
26514,27.060000000000002
26515,23.76
26516,32.43
26517,34.955000000000005
26518,30.4
26519,27.229999999999997
26520,28.340000000000003
26521,33.19
26522,29.57
26523,24.75733333333333
26524,32.82
26525,31.933333333333337
26526,39.05
26527,33.248333333333335
26528,37.72166666666667
26529,35.17
26530,32.68
26531,23.63
26532,37.0
26533,31.96
26534,30.28333333333333
26535,30.125
26536,24.75
26537,31.769
26538,30.54
26539,30.435000000000002
26540,26.01
26541,33.82
26542,29.11
26543,32.51166666666667
26544,35.415
26545,29.130000000000003
26546,28.42
26547,34.45333333333333
26548,29.465000000000003
26549,29.111666666666665
26550,34.10166666666667
26551,41.24
26552,26.68
26553,39.06333333333333
26554,22.94
26555,28.14
26556,74.0
26557,32.63
26558,11.0
26559,38.26
26560,30.880000000000003
26561,33.723333333333336
26562,32.0
26563,-2.08
26564,34.21666666666667
26565,38.22
26566,29.185000000000002
26567,30.42
26568,35.953
26569,31.744999999999997
26570,53.0
26571,31.28333333333333
26572,4.0
26573,16.65
26574,27.560000000000002
26575,26.29
26576,35.57666666666667
26577,36.56
26578,25.48
26579,29.31666666666667
26580,33.66
26581,34.92
26582,19.135
26583,9.75
26584,26.15333333333333
26585,35.25
26586,38.33
26587,31.05166666666667
26588,37.64333333333334
26589,22.39
26590,4.0
26591,31.683333333333337
26592,33.87666666666667
26593,60.0
26594,27.333333333333336
26595,75.0
26596,40.83
26597,20.15
26598,44.36
26599,40.0
26600,42.18
26601,80.0
26602,39.06
26603,31.29333333333333
26604,32.57
26605,26.14333333333333
26606,35.87
26607,33.52
26608,42.345
26609,31.674999999999997
26610,37.1425
26611,39.82
26612,44.62214285714286
26613,45.63
26614,62.0
26615,33.26333333333333
26616,38.7
26617,58.0
26618,65.0
26619,39.05571428571429
26620,45.13
26621,44.54666666666667
26622,18.75
26623,34.71833333333333
26624,45.0
26625,33.4
26626,29.270000000000003
26627,28.57
26628,23.7
26629,33.46
26630,43.72
26631,23.491
26632,33.45
26633,22.66666666666665
26634,34.9275
26635,33.75
26636,34.46666666666667
26637,38.51333333333334
26638,30.259999999999998
26639,34.68
26640,29.015
26641,30.493333333333332
26642,34.2
26643,39.82
26644,28.560000000000002
26645,-4.0
26646,40.31
26647,35.16
26648,19.97666666666667
26649,31.590000000000003
26650,30.28
26651,39.57
26652,35.84
26653,27.22
26654,38.61333333333333
26655,33.8
26656,22.95
26657,37.59
26658,52.0
26659,32.861666666666665
26660,40.28
26661,28.39
26662,31.659
26663,53.0
26664,31.240000000000002
26665,31.655
26666,33.26166666666666
26667,21.7
26668,30.770000000000003
26669,34.045
26670,25.966666666666665
26671,31.83833333333333
26672,31.707500000000003
26673,48.47
26674,31.235
26675,34.76
26676,42.92333333333333
26677,43.005
26678,40.135
26679,27.956666666666663
26680,30.03666666666667
26681,33.84666666666667
26682,35.83666666666667
26683,28.590000000000003
26684,10.823333333333332
26685,39.34
26686,17.205
26687,57.0
26688,36.74
26689,43.74
26690,27.200000000000003
26691,39.735
26692,32.54
26693,31.965000000000003
26694,24.36
26695,13.0
26696,44.35
26697,41.86
26698,30.560000000000002
26699,28.25
26700,27.950000000000003
26701,22.07
26702,34.6
26703,44.6975
26704,41.45
26705,30.990000000000002
26706,68.25
26707,38.46
26708,20.22
26709,34.01
26710,29.659999999999997
26711,42.335
26712,34.165
26713,33.63666666666666
26714,20.37
26715,55.0
26716,33.16
26717,42.2
26718,26.28833333333333
26719,28.119999999999997
26720,31.805
26721,40.41666666666667
26722,29.909999999999997
26723,39.35
26724,37.19
26725,31.9375
26726,35.28
26727,42.64
26728,24.99
26729,38.71833333333334
26730,33.025
26731,42.24
26732,32.2
26733,34.35
26734,22.75
26735,33.92
26736,37.935
26737,35.475
26738,40.85833333333333
26739,41.67
26740,28.560000000000002
26741,39.25166666666666
26742,32.025
26743,29.119999999999997
26744,29.840000000000003
26745,34.36
26746,29.1
26747,32.52
26748,33.11
26749,35.065
26750,32.44
26751,42.85
26752,39.57333333333334
26753,33.9
26754,45.20416666666666
26755,32.184
26756,37.12
26757,32.395
26758,24.97
26759,30.494999999999997
26760,27.85
26761,34.34
26762,43.4875
26763,36.91
26764,36.76
26765,40.52
26766,32.73
26767,31.365000000000002
26768,27.47
26769,33.86333333333334
26770,32.95
26771,36.55
26772,38.94
26773,44.445
26774,31.939999999999998
26775,31.445
26776,52.0
26777,35.39
26778,37.69
26779,37.96571428571429
26780,25.88
26781,34.25
26782,64.0
26783,34.975
26784,36.27666666666667
26785,27.525
26786,27.064999999999998
26787,30.9
26788,32.82
26789,42.0
26790,22.43
26791,29.840000000000003
26792,25.61
26793,20.08
26794,33.18
26795,36.66
26796,25.03
26797,34.26
26798,33.57
26799,41.74
26800,36.56
26801,35.5075
26802,32.58
26803,27.07
26804,43.055
26805,44.25
26806,36.82
26807,52.91
26808,37.988
26809,29.21
26810,37.927
26811,39.33
26812,36.77
26813,41.66
26814,40.73
26815,41.4825
26816,38.85
26817,70.0
26818,68.0
26819,32.37
26820,23.56
26821,24.02
26822,38.15
26823,33.56
26824,64.0
26825,26.505
26826,29.945
26827,61.0
26828,28.0
26829,41.74
26830,24.18
26831,44.655
26832,32.11
26833,45.65
26834,31.57
26835,28.880000000000003
26836,39.62
26837,59.0
26838,46.64
26839,7.619999999999999
26840,35.56
26841,38.75
26842,42.473333333333336
26843,32.84
26844,27.020000000000003
26845,28.634999999999998
26846,37.49
26847,18.6
26848,36.09
26849,37.53
26850,42.43
26851,31.924999999999997
26852,37.83
26853,43.055
26854,74.0
26855,48.2
26856,41.325
26857,53.09
26858,38.2
26859,34.77
26860,41.64
26861,32.69
26862,41.98
26863,36.8
26864,36.92
26865,35.795
26866,41.9
26867,42.955
26868,47.08
26869,41.315
26870,48.8225
26871,44.765
26872,46.38
26873,31.130000000000003
26874,35.23
26875,42.87
26876,42.096
26877,48.9075
26878,62.0
26879,40.3125
26880,50.0
26881,45.07
26882,36.02
26883,39.41
26884,38.895
26885,29.945
26886,43.31
26887,33.17
26888,53.0
26889,41.66
26890,35.3
26891,36.57
26892,46.79
26893,34.98
26894,34.23
26895,42.23666666666666
26896,41.255
26897,54.0
26898,37.09
26899,53.69016666666666
26900,52.065
26901,41.82
26902,41.875
26903,40.35
26904,32.65
26905,41.35
26906,46.1
26907,36.765
26908,42.5
26909,46.875
26910,33.61
26911,53.0
26912,35.73
26913,39.905
26914,38.14
26915,37.675
26916,41.615
26917,67.0
26918,42.37
26919,38.07
26920,36.1
26921,41.805
26922,37.02
26923,33.535
26924,35.33
26925,41.51
26926,34.51
26927,36.61
26928,36.66
26929,38.98
26930,32.65
26931,36.12
26932,37.81
26933,26.51
26934,41.43
26935,33.435
26936,38.14571428571429
26937,36.605
26938,39.5
26939,33.97
26940,34.81
26941,33.13
26942,29.490000000000002
26943,37.2575
26944,50.67
26945,48.78
26946,35.15
26947,26.77
26948,28.9
26949,32.64571428571429
26950,21.57
26951,36.115
26952,33.28
26953,37.1
26954,34.54
26955,33.9925
26956,40.275
26957,31.509999999999998
26958,38.74
26959,29.57
26960,42.905
26961,34.815
26962,33.7
26963,34.6575
26964,40.25
26965,37.29
26966,35.5125
26967,38.44
26968,39.5575
26969,43.645
26970,34.945
26971,29.299999999999997
26972,35.02
26973,35.2
26974,38.33
26975,26.245
26976,32.795
26977,36.15
26978,35.48
26979,35.27
26980,33.85
26981,22.99
26982,40.455
26983,46.01
26984,37.505
26985,45.175
26986,32.74
26987,34.76
26988,39.515
26989,30.79
26990,41.73
26991,34.96
26992,52.946714285714286
26993,31.64
26994,27.310000000000002
26995,36.095
26996,38.95
26997,32.83
26998,32.69
26999,33.06
27000,39.23
27001,30.439999999999998
27002,38.065
27003,40.285
27004,31.82
27005,31.939999999999998
27006,31.735
27007,26.06
27008,31.32
27009,33.57
27010,24.75
27011,36.295
27012,42.7325
27013,33.83
27014,28.060000000000002
27015,35.96
27016,30.18
27017,28.479999999999997
27018,32.2275
27019,34.422
27020,43.11
27021,34.84
27022,39.35
27023,37.25
27024,33.68
27025,31.904000000000003
27026,29.22
27027,33.88
27028,35.83
27029,38.475
27030,39.17
27031,35.27
27032,15.670000000000002
27033,31.96
27034,38.665
27035,36.47
27036,40.91
27037,40.805
27038,32.34
27039,33.73
27040,40.084
27041,37.71
27042,38.86
27043,20.52
27044,36.44
27045,39.48
27046,44.77
27047,33.5
27048,36.705
27049,37.39
27050,48.79666666666666
27051,27.939999999999998
27052,41.57666666666666
27053,40.53
27054,32.98
27055,30.46
27056,32.58
27057,38.69
27058,24.725
27059,39.2
27060,37.94666666666666
27061,37.24
27062,40.0
27063,35.7
27064,38.24333333333333
27065,27.270000000000003
27066,27.520000000000003
27067,39.745
27068,45.49
27069,35.96
27070,40.12
27071,33.17
27072,40.395
27073,39.005
27074,38.48
27075,34.81
27076,39.17
27077,35.74
27078,32.8
27079,35.48
27080,33.16
27081,33.45
27082,37.8
27083,45.29
27084,36.64
27085,39.81
27086,46.13
27087,37.46
27088,42.48
27089,24.81
27090,28.39
27091,37.0
27092,35.62
27093,41.53
27094,40.95
27095,36.255
27096,35.6
27097,27.25
27098,39.89
27099,44.405
27100,41.05
27101,38.97
27102,38.49
27103,30.656999999999996
27104,35.535
27105,43.46
27106,28.009999999999998
27107,37.19166666666666
27108,32.55571428571429
27109,34.97
27110,29.869999999999997
27111,36.24
27112,38.53
27113,37.29
27114,39.27
27115,25.66
27116,31.295
27117,27.93
27118,39.67
27119,38.252
27120,37.14
27121,43.34
27122,33.32
27123,26.822
27124,27.369999999999997
27125,26.95
27126,35.25
27127,32.38
27128,35.795
27129,28.96
27130,34.73
27131,42.23833333333333
27132,36.35
27133,27.009999999999998
27134,39.6175
27135,37.41
27136,31.376666666666672
27137,35.54
27138,25.53
27139,36.035
27140,36.395
27141,39.19628571428572
27142,26.012
27143,43.13
27144,43.65
27145,28.630000000000003
27146,22.94
27147,40.394
27148,26.212
27149,41.155
27150,29.445
27151,24.19
27152,31.799999999999997
27153,33.0
27154,32.764
27155,42.12
27156,35.9095
27157,35.535
27158,37.052
27159,38.445
27160,28.865000000000002
27161,27.259999999999998
27162,36.62
27163,37.67
27164,37.26
27165,31.034999999999997
27166,43.22
27167,28.740000000000002
27168,35.15
27169,40.23
27170,47.72914285714285
27171,37.25
27172,18.3
27173,35.462
27174,37.82
27175,34.53
27176,86.0
27177,29.056999999999995
27178,27.119999999999997
27179,33.28
27180,35.42
27181,31.08
27182,30.35
27183,24.57
27184,33.822
27185,42.575
27186,29.582
27187,37.3675
27188,37.87
27189,28.567
27190,31.47
27191,45.595
27192,36.71
27193,28.049999999999997
27194,60.0
27195,30.630000000000003
27196,36.27
27197,14.73
27198,46.94
27199,44.22
27200,30.490000000000002
27201,25.46
27202,26.83
27203,31.29
27204,34.11
27205,32.42971428571428
27206,28.235
27207,37.01
27208,33.81
27209,26.36
27210,29.380000000000003
27211,32.312
27212,34.58
27213,25.65
27214,26.93
27215,28.310000000000002
27216,55.0
27217,63.0
27218,33.16
27219,60.0
27220,41.1
27221,35.801
27222,45.235
27223,83.0
27224,49.0
27225,38.25
27226,35.69
27227,34.6
27228,35.795
27229,42.345
27230,45.02
27231,81.0
27232,32.05
27233,38.47
27234,41.5
27235,41.35
27236,33.51
27237,60.0
27238,31.36
27239,45.565
27240,34.42
27241,33.39
27242,44.4
27243,39.505
27244,36.13
27245,22.95
27246,39.06
27247,40.055
27248,77.0
27249,34.7
27250,51.96857142857143
27251,37.49
27252,65.0
27253,35.99
27254,37.795
27255,35.96
27256,41.15
27257,38.52
27258,58.0
27259,38.13
27260,46.645
27261,70.0
27262,45.66
27263,44.37
27264,36.175714285714285
27265,46.28
27266,39.93
27267,78.0
27268,42.77833333333333
27269,46.86
27270,45.33666666666666
27271,35.28
27272,42.37
27273,41.23
27274,38.66
27275,32.64866666666667
27276,44.95857142857143
27277,19.96
27278,26.53
27279,30.799999999999997
27280,27.0
27281,36.995
27282,28.33
27283,37.195
27284,36.626000000000005
27285,36.9
27286,34.47
27287,30.96
27288,36.0
27289,50.105
27290,40.39
27291,41.31
27292,35.52
27293,36.025
27294,36.32
27295,38.0
27296,23.65
27297,34.83
27298,42.75
27299,36.236
27300,39.0
27301,35.35
27302,34.23
27303,39.215
27304,33.0
27305,29.0
27306,46.281666666666666
27307,36.08
27308,51.4775
27309,42.46
27310,35.31
27311,49.49
27312,43.74
27313,45.76
27314,33.0
27315,40.62
27316,39.67
27317,27.869999999999997
27318,40.51
27319,48.891000000000005
27320,49.035
27321,38.455
27322,35.865
27323,38.88857142857143
27324,40.32
27325,35.3775
27326,42.7
27327,39.235
27328,45.49
27329,37.87
27330,38.092
27331,44.24
27332,40.69
27333,48.22
27334,26.99
27335,36.7075
27336,28.32
27337,35.045
27338,36.11083333333333
27339,24.5
27340,29.01333333333333
27341,34.66
27342,32.27
27343,37.53
27344,40.81
27345,28.273333333333333
27346,31.159999999999997
27347,20.7
27348,26.38
27349,39.89
27350,48.82
27351,36.248000000000005
27352,28.35
27353,35.88
27354,31.310000000000002
27355,39.59
27356,40.2875
27357,43.37
27358,39.15
27359,37.62
27360,15.440000000000001
27361,47.77
27362,32.5
27363,30.494999999999997
27364,38.5775
27365,32.51
27366,29.35
27367,35.405
27368,29.613333333333337
27369,33.79
27370,30.688333333333333
27371,36.12166666666666
27372,26.435
27373,30.222499999999997
27374,34.79
27375,35.81
27376,29.1
27377,26.26
27378,32.21
27379,23.96
27380,21.93
27381,43.505
27382,25.08
27383,33.55
27384,43.52
27385,46.75
27386,37.945
27387,25.16
27388,31.54
27389,46.27
27390,32.845
27391,44.53
27392,22.37
27393,36.81
27394,32.345
27395,46.05
27396,39.62
27397,30.53
27398,20.196666666666665
27399,26.33
27400,23.55
27401,34.29
27402,19.79
27403,38.365
27404,32.685
27405,20.11
27406,32.94333333333333
27407,36.5
27408,27.705
27409,20.815
27410,26.38
27411,37.63
27412,39.29
27413,29.674999999999997
27414,46.51166666666666
27415,30.235
27416,40.19
27417,30.979999999999997
27418,29.4
27419,40.6375
27420,33.07
27421,37.32
27422,24.975
27423,40.312
27424,37.99
27425,32.845
27426,36.12
27427,40.28
27428,32.62
27429,37.91
27430,18.73
27431,37.66607142857143
27432,33.85
27433,31.46
27434,28.0
27435,37.89
27436,39.56
27437,39.885
27438,24.31
27439,45.25
27440,38.255
27441,33.09666666666666
27442,34.45
27443,39.33166666666666
27444,23.76
27445,36.11083333333333
27446,22.15
27447,29.165
27448,31.009999999999998
27449,30.939999999999998
27450,25.965
27451,30.46
27452,29.07
27453,17.81
27454,33.57
27455,25.75
27456,29.705
27457,32.285
27458,34.68
27459,25.94
27460,20.49
27461,32.78
27462,38.91
27463,30.493333333333332
27464,35.821666666666665
27465,38.342666666666666
27466,25.19
27467,24.66
27468,31.35
27469,50.715
27470,26.93
27471,34.63
27472,14.64
27473,27.965000000000003
27474,32.57833333333333
27475,31.15
27476,27.82
27477,18.41
27478,36.48
27479,51.0
27480,31.57
27481,32.3575
27482,26.96
27483,39.345
27484,36.785
27485,39.985
27486,41.196000000000005
27487,31.479999999999997
27488,38.75
27489,42.54666666666667
27490,36.92
27491,32.07
27492,28.68
27493,33.925
27494,42.5
27495,44.13
27496,28.310000000000002
27497,36.51
27498,41.655
27499,37.03
27500,34.11
27501,36.96
27502,39.4
27503,37.63
27504,23.42
27505,40.53
27506,21.99
27507,36.74
27508,17.455
27509,43.01
27510,36.41
27511,32.99
27512,44.87
27513,27.380000000000003
27514,35.59
27515,33.155
27516,24.718000000000004
27517,30.305
27518,38.525
27519,21.89
27520,32.95
27521,34.13
27522,33.96
27523,37.195
27524,39.15
27525,33.46
27526,27.270000000000003
27527,31.884999999999998
27528,41.044
27529,37.88
27530,38.96
27531,35.08
27532,37.83
27533,37.315
27534,35.54
27535,34.18
27536,34.84
27537,33.59
27538,32.67
27539,37.93600000000001
27540,34.46
27541,38.57
27542,30.380000000000003
27543,40.05
27544,39.59
27545,46.495
27546,36.185
27547,45.176
27548,65.0
27549,41.74
27550,38.22857142857143
27551,43.36
27552,33.33
27553,35.685
27554,37.73
27555,25.21
27556,48.0
27557,45.0
27558,51.595
27559,42.475
27560,65.0
27561,43.0
27562,44.0
27563,45.6725
27564,40.005
27565,39.72
27566,51.0
27567,40.5
27568,46.74
27569,34.0
27570,42.0
27571,66.0
27572,42.74
27573,61.0
27574,38.89
27575,42.50833333333333
27576,49.99
27577,58.0
27578,64.0
27579,27.4
27580,61.0
27581,70.0
27582,35.926
27583,42.255
27584,45.965
27585,75.0
27586,62.0
27587,52.495
27588,57.435
27589,42.3775
27590,48.445
27591,38.0
27592,58.0
27593,63.0
27594,34.25
27595,47.401
27596,50.1
27597,66.0
27598,39.99833333333334
27599,38.956
27600,47.465
27601,40.835
27602,47.24
27603,67.0
27604,43.38
27605,32.2
27606,72.0
27607,39.14
27608,44.77
27609,44.92
27610,36.4
27611,40.805
27612,31.43
27613,45.0
27614,47.935
27615,37.81
27616,41.59
27617,36.341
27618,35.94
27619,42.065
27620,47.506
27621,39.05
27622,28.475
27623,48.3725
27624,30.795
27625,57.0
27626,48.18
27627,43.5975
27628,30.240000000000002
27629,37.065
27630,31.551000000000002
27631,36.92
27632,61.0
27633,36.83
27634,30.655
27635,30.931666666666665
27636,50.0
27637,25.531
27638,38.94
27639,38.2625
27640,31.880000000000003
27641,63.0
27642,37.35
27643,40.63
27644,38.43
27645,35.73
27646,37.135
27647,26.65
27648,24.75
27649,39.1725
27650,26.72
27651,21.5
27652,29.14
27653,22.66
27654,26.65
27655,44.545
27656,-4.74
27657,33.65
27658,29.96
27659,22.385
27660,30.130000000000003
27661,26.9
27662,16.855
27663,26.12
27664,37.73
27665,31.08166666666667
27666,35.705
27667,19.86
27668,32.76
27669,31.229999999999997
27670,17.21
27671,59.0
27672,23.335
27673,13.23
27674,27.729999999999997
27675,25.385
27676,41.9
27677,24.93
27678,14.386666666666667
27679,28.36
27680,29.799999999999997
27681,23.33
27682,32.935
27683,24.54
27684,17.0
27685,45.74833333333333
27686,32.03
27687,52.0
27688,26.34
27689,26.095
27690,29.305
27691,31.689999999999998
27692,29.29
27693,28.5
27694,-3.0
27695,28.270000000000003
27696,31.67
27697,30.740000000000002
27698,26.14
27699,75.0
27700,13.855
27701,20.8
27702,28.57
27703,37.62
27704,29.939999999999998
27705,17.42
27706,27.979999999999997
27707,28.665
27708,-3.95
27709,25.13
27710,32.515
27711,26.46
27712,36.82666666666666
27713,30.380000000000003
27714,43.56833333333333
27715,35.8554761904762
27716,33.055
27717,25.78
27718,37.0625
27719,15.629999999999999
27720,34.93
27721,72.0
27722,17.32
27723,25.97
27724,25.916666666666664
27725,24.61
27726,19.12
27727,24.13
27728,26.77
27729,35.28
27730,27.354999999999997
27731,30.65
27732,32.775
27733,17.57
27734,35.345
27735,24.15
27736,29.590000000000003
27737,28.020000000000003
27738,21.35
27739,24.62
27740,27.145000000000003
27741,27.884999999999998
27742,12.95
27743,32.055
27744,37.25
27745,28.67
27746,30.92
27747,24.95
27748,37.395
27749,37.6
27750,36.265
27751,56.0
27752,58.0
27753,35.01
27754,29.759999999999998
27755,44.115
27756,36.075
27757,45.48
27758,39.84
27759,29.04
27760,43.385
27761,46.38
27762,26.4
27763,21.265
27764,46.38
27765,35.32
27766,41.45666666666666
27767,47.0
27768,39.325
27769,30.61
27770,36.375
27771,31.43
27772,35.645
27773,34.031666666666666
27774,45.83
27775,23.42
27776,37.25
27777,34.66
27778,43.58833333333334
27779,41.395
27780,-3.0
27781,48.89166666666667
27782,40.83
27783,39.81166666666667
27784,33.4
27785,25.07
27786,28.75
27787,33.365
27788,46.72
27789,36.63142857142857
27790,43.245
27791,39.395
27792,36.925
27793,36.82666666666666
27794,31.994999999999997
27795,35.7225
27796,33.425
27797,32.545
27798,38.67
27799,36.0
27800,26.77
27801,40.87
27802,28.735
27803,32.11
27804,30.020000000000003
27805,29.466
27806,47.32
27807,41.85
27808,33.0
27809,37.05
27810,33.07
27811,33.13
27812,37.61
27813,34.07
27814,31.090000000000003
27815,30.310000000000002
27816,32.27
27817,34.03
27818,27.450000000000003
27819,31.380000000000003
27820,31.21
27821,30.14
27822,45.56
27823,41.15
27824,34.44
27825,34.55
27826,37.28
27827,40.695
27828,29.630000000000003
27829,34.47
27830,42.7
27831,39.05
27832,34.18
27833,36.51
27834,40.875
27835,39.685
27836,34.422
27837,42.91
27838,37.11
27839,38.53333333333334
27840,40.33
27841,35.8
27842,38.59
27843,41.16
27844,35.41
27845,37.36
27846,42.32
27847,35.84
27848,39.16
27849,34.595
27850,41.654
27851,36.955
27852,36.9075
27853,36.33
27854,36.5
27855,45.355
27856,37.76
27857,38.04
27858,40.685
27859,42.68
27860,39.57
27861,35.63
27862,33.62
27863,45.105
27864,31.75
27865,30.75
27866,32.94
27867,68.5
27868,43.30571428571429
27869,30.634999999999998
27870,36.1
27871,32.9
27872,27.96
27873,48.03
27874,35.81
27875,37.215
27876,17.43
27877,35.68
27878,27.406666666666666
27879,32.73714285714286
27880,25.43
27881,33.64
27882,31.57
27883,29.068333333333328
27884,25.41
27885,23.07
27886,21.36
27887,23.84
27888,34.34
27889,24.6
27890,28.86
27891,28.119999999999997
27892,7.994999999999999
27893,23.28
27894,25.21
27895,30.490000000000002
27896,22.05
27897,23.87
27898,21.3
27899,25.85
27900,47.21571428571429
27901,21.85
27902,17.04
27903,32.26
27904,19.81
27905,9.26
27906,26.89
27907,22.13
27908,27.979999999999997
27909,29.620714285714286
27910,33.85
27911,33.89
27912,20.2
27913,28.380000000000003
27914,22.28
27915,23.52
27916,17.58
27917,38.1
27918,19.26
27919,25.61
27920,33.63
27921,37.45333333333334
27922,10.09
27923,19.26
27924,34.996
27925,25.14666666666667
27926,28.560000000000002
27927,21.87
27928,26.75
27929,26.52
27930,24.25
27931,29.369999999999997
27932,28.159999999999997
27933,24.36
27934,33.51
27935,28.04
27936,24.34
27937,25.26
27938,17.4
27939,29.07
27940,51.99
27941,23.88
27942,16.18
27943,25.92
27944,20.74
27945,19.23
27946,39.98
27947,24.68
27948,28.509999999999998
27949,30.659999999999997
27950,26.435
27951,34.473
27952,40.96
27953,27.909999999999997
27954,22.93
27955,32.797
27956,10.73
27957,22.06
27958,11.059999999999999
27959,45.48
27960,29.560000000000002
27961,21.74
27962,17.13
27963,32.865
27964,34.64
27965,16.94
27966,28.939999999999998
27967,67.0
27968,16.51
27969,25.48
27970,38.21
27971,0.0
27972,21.78
27973,16.38
27974,31.75
27975,22.45
27976,12.09
27977,-5.0
27978,28.64
27979,14.559999999999999
27980,11.11
27981,8.97
27982,33.5025
27983,25.385
27984,22.54
27985,36.41
27986,-3.0
27987,19.905
27988,14.969999999999999
27989,27.21
27990,28.515
27991,24.89
27992,22.49
27993,15.45
27994,18.93
27995,30.509999999999998
27996,32.11
27997,14.27
27998,26.995
27999,8.04
28000,32.07666666666667
28001,48.46
28002,27.814999999999998
28003,20.34
28004,18.775
28005,23.25
28006,16.41
28007,23.27
28008,16.845
28009,22.95
28010,19.84
28011,13.276666666666664
28012,8.4
28013,20.06
28014,33.28
28015,16.166
28016,35.57
28017,29.509999999999998
28018,22.8
28019,30.36
28020,28.825000000000003
28021,24.59
28022,22.14
28023,29.159999999999997
28024,29.299999999999997
28025,28.225
28026,29.475
28027,27.645000000000003
28028,15.600000000000001
28029,23.71666666666667
28030,25.2
28031,32.06
28032,17.58
28033,24.915
28034,26.82
28035,36.58
28036,25.14
28037,28.869999999999997
28038,29.200000000000003
28039,20.71
28040,17.96
28041,28.72
28042,16.85
28043,27.490000000000002
28044,26.63
28045,39.09
28046,23.93
28047,20.9
28048,9.1
28049,35.42
28050,44.09416666666666
28051,30.490000000000002
28052,32.69
28053,30.93
28054,42.0
28055,26.52
28056,25.89
28057,22.22
28058,37.89
28059,58.06
28060,46.16
28061,41.0
28062,35.14
28063,30.031999999999996
28064,33.23
28065,43.40833333333334
28066,46.45
28067,48.905
28068,37.61
28069,36.07
28070,43.03
28071,37.225
28072,35.31
28073,43.95
28074,41.26
28075,39.36
28076,38.525
28077,38.185
28078,35.68
28079,40.0625
28080,50.36
28081,42.18
28082,38.25
28083,44.44
28084,50.4
28085,44.715
28086,46.09
28087,42.94
28088,36.73
28089,33.63666666666667
28090,67.0
28091,37.26
28092,31.72
28093,36.215
28094,31.880000000000003
28095,48.99
28096,41.41
28097,49.41
28098,28.22
28099,32.646
28100,42.98
28101,37.98
28102,34.65
28103,32.0
28104,29.071666666666665
28105,30.18
28106,31.61
28107,23.935
28108,19.885
28109,28.83
28110,31.494999999999997
28111,48.51
28112,24.89
28113,35.92
28114,33.95
28115,27.83
28116,24.56
28117,33.39
28118,24.7
28119,24.025
28120,23.81
28121,30.016666666666666
28122,30.161
28123,23.45
28124,35.1325
28125,28.295
28126,31.78
28127,29.17
28128,18.34
28129,20.17
28130,24.0
28131,28.200000000000003
28132,28.965000000000003
28133,23.16
28134,21.94
28135,27.412
28136,24.115
28137,31.770000000000003
28138,35.14
28139,25.29
28140,28.11
28141,37.275
28142,37.095
28143,32.65
28144,18.33
28145,25.38
28146,28.36
28147,30.15
28148,28.595
28149,31.479999999999997
28150,23.88
28151,31.909999999999997
28152,31.85
28153,34.72
28154,37.71
28155,28.630000000000003
28156,31.35
28157,28.015
28158,30.35
28159,25.19
28160,29.759999999999998
28161,24.54
28162,31.700000000000003
28163,27.880000000000003
28164,32.41
28165,37.14
28166,28.1
28167,23.66
28168,26.81
28169,41.725
28170,36.275
28171,42.69
28172,35.82
28173,38.91
28174,36.55
28175,36.45
28176,37.64
28177,34.06
28178,34.56
28179,37.61
28180,29.865000000000002
28181,40.58
28182,43.485
28183,31.93
28184,39.235
28185,32.77
28186,31.869999999999997
28187,35.595
28188,31.840000000000003
28189,39.765
28190,35.13
28191,40.17
28192,27.25
28193,37.045
28194,39.465
28195,35.33
28196,31.655
28197,33.385
28198,34.07
28199,36.1
28200,40.15
28201,38.6
28202,39.85
28203,33.48
28204,20.93
28205,35.49
28206,38.63
28207,26.62
28208,34.19
28209,59.0
28210,37.525
28211,39.61
28212,41.9125
28213,34.62
28214,30.71
28215,31.369999999999997
28216,28.46
28217,39.26
28218,32.95
28219,36.83
28220,24.865
28221,30.21
28222,67.0
28223,16.11
28224,33.98
28225,26.97
28226,37.93
28227,31.619999999999997
28228,33.34
28229,35.272
28230,33.271
28231,26.06
28232,22.26
28233,37.79
28234,37.56
28235,79.0
28236,13.25
28237,31.57
28238,31.92
28239,34.72833333333333
28240,37.3
28241,24.84
28242,20.32
28243,30.740000000000002
28244,36.02666666666666
28245,34.91
28246,31.78
28247,36.83
28248,32.84
28249,31.78
28250,27.409999999999997
28251,27.47
28252,34.53
28253,41.07
28254,26.785
28255,42.37
28256,43.10666666666667
28257,40.785
28258,23.31
28259,40.28
28260,36.69
28261,31.61
28262,26.51
28263,33.96
28264,36.216
28265,36.01
28266,34.55
28267,35.73
28268,38.65
28269,40.645
28270,27.674999999999997
28271,24.46
28272,38.27
28273,32.655
28274,41.105
28275,38.88
28276,32.49
28277,35.215
28278,36.98333333333333
28279,29.1
28280,46.58
28281,33.33
28282,47.53
28283,37.89
28284,39.55
28285,31.259999999999998
28286,36.4
28287,37.93
28288,28.799999999999997
28289,41.78
28290,38.77933333333334
28291,37.01
28292,41.495
28293,37.985
28294,35.91
28295,20.28
28296,38.76333333333334
28297,38.895
28298,17.025
28299,42.26
28300,36.55
28301,27.979999999999997
28302,67.0
28303,41.9
28304,34.98
28305,33.58
28306,27.814999999999998
28307,41.315
28308,39.0875
28309,34.395
28310,41.48
28311,40.885
28312,45.59
28313,34.02
28314,43.68
28315,42.37
28316,29.86
28317,33.65
28318,37.95
28319,36.125
28320,32.0
28321,47.61
28322,37.315
28323,54.7525
28324,42.44
28325,38.25
28326,36.67
28327,31.195
28328,38.67
28329,32.6
28330,33.96
28331,32.89
28332,35.36
28333,30.03
28334,27.380000000000003
28335,30.405
28336,37.47
28337,46.765
28338,30.46
28339,26.38
28340,40.985
28341,36.06
28342,45.79333333333334
28343,37.955
28344,35.95
28345,44.845
28346,34.17
28347,23.0
28348,38.86
28349,35.21
28350,32.805
28351,35.3
28352,33.14
28353,32.57
28354,34.76
28355,35.41
28356,50.76333333333334
28357,33.05
28358,37.755
28359,36.41
28360,26.03
28361,39.58
28362,46.5
28363,39.86
28364,42.43
28365,32.3
28366,34.185
28367,39.445
28368,42.785714285714285
28369,31.1
28370,42.08
28371,51.85
28372,35.0
28373,33.29
28374,44.76
28375,33.24
28376,47.67666666666666
28377,47.315
28378,33.46
28379,27.96
28380,36.73
28381,29.560000000000002
28382,37.72
28383,20.09
28384,35.75
28385,45.185
28386,29.36
28387,33.085
28388,30.42
28389,32.806
28390,33.74
28391,39.285714285714285
28392,45.89166666666667
28393,25.09
28394,29.270000000000003
28395,34.01
28396,22.83
28397,34.95
28398,28.93
28399,37.49
28400,36.6
28401,34.03
28402,32.714
28403,32.37
28404,22.835
28405,33.91
28406,35.74
28407,25.81
28408,34.85
28409,26.4
28410,33.6
28411,29.520000000000003
28412,16.11
28413,23.475
28414,26.26
28415,44.99
28416,17.455
28417,43.365
28418,28.705
28419,32.67
28420,37.8
28421,27.14
28422,27.229999999999997
28423,28.6
28424,22.56
28425,22.5
28426,33.1
28427,12.07
28428,23.32
28429,38.93
28430,31.08166666666667
28431,31.08
28432,20.71
28433,34.63
28434,29.119999999999997
28435,39.19
28436,44.69333333333334
28437,35.21
28438,39.02
28439,27.240000000000002
28440,37.83
28441,36.16
28442,33.81
28443,40.79
28444,14.0
28445,44.495
28446,35.65
28447,28.89
28448,35.91
28449,42.78
28450,34.76
28451,39.45
28452,33.14333333333334
28453,31.810000000000002
28454,28.79
28455,31.840000000000003
28456,38.15
28457,36.65
28458,24.26
28459,31.299999999999997
28460,32.35
28461,41.09
28462,36.24
28463,31.58
28464,26.42
28465,33.18
28466,35.54
28467,35.81
28468,40.3
28469,27.35
28470,28.240000000000002
28471,27.325000000000003
28472,20.75
28473,24.34
28474,26.9
28475,37.89
28476,14.84
28477,23.975
28478,25.425
28479,22.47
28480,23.63
28481,11.870000000000001
28482,24.465
28483,7.300000000000001
28484,32.065
28485,22.98
28486,26.835
28487,30.369999999999997
28488,21.64
28489,18.9
28490,19.48
28491,27.134999999999998
28492,21.08
28493,28.78
28494,32.635
28495,39.61
28496,34.5825
28497,59.0
28498,-3.0
28499,29.57
28500,31.229999999999997
28501,24.36
28502,29.96
28503,15.10666666666667
28504,29.009999999999998
28505,26.96
28506,19.12
28507,28.229999999999997
28508,17.1
28509,17.68
28510,60.0
28511,36.23
28512,37.285
28513,35.18
28514,36.19
28515,19.86
28516,42.07666666666666
28517,26.55
28518,28.78
28519,26.355
28520,19.98
28521,33.205
28522,28.939999999999998
28523,37.35833333333333
28524,55.0
28525,28.58
28526,27.009999999999998
28527,29.68
28528,35.01
28529,30.505000000000003
28530,20.86
28531,36.16
28532,41.755
28533,31.79
28534,29.520000000000003
28535,22.92
28536,38.5
28537,23.27
28538,36.22
28539,30.479999999999997
28540,39.885
28541,37.535
28542,33.335
28543,39.64
28544,22.45
28545,38.28
28546,17.0
28547,18.59
28548,25.97
28549,22.385
28550,-3.0
28551,16.845
28552,22.2
28553,27.847499999999997
28554,26.685
28555,19.44
28556,18.95
28557,26.82
28558,23.32
28559,31.08166666666667
28560,29.520000000000003
28561,15.715
28562,21.85
28563,29.54
28564,31.689999999999998
28565,37.35
28566,24.615
28567,27.395000000000003
28568,27.47
28569,38.1
28570,44.795
28571,35.52
28572,63.0
28573,36.96
28574,36.41
28575,48.78
28576,36.33
28577,39.99833333333334
28578,71.0
28579,34.25
28580,43.775
28581,32.94833333333334
28582,26.06
28583,34.2
28584,38.95
28585,40.26
28586,31.32
28587,34.725
28588,39.815
28589,39.31
28590,34.43
28591,51.985
28592,38.44
28593,29.695
28594,40.19
28595,42.9625
28596,34.295
28597,35.4
28598,32.08
28599,37.995
28600,37.13
28601,49.51
28602,28.689999999999998
28603,39.36
28604,34.81
28605,36.92
28606,32.415
28607,41.82
28608,30.665
28609,39.455
28610,48.065
28611,31.17
28612,43.36333333333334
28613,51.845
28614,38.59
28615,35.73166666666666
28616,41.01
28617,46.28
28618,44.105
28619,27.39
28620,86.0
28621,47.37
28622,38.81
28623,40.395
28624,65.0
28625,35.0
28626,41.875
28627,29.0
28628,73.0
28629,42.34
28630,42.315
28631,31.35
28632,33.35
28633,25.0
28634,24.0
28635,38.14
28636,43.54
28637,35.52
28638,37.16
28639,32.0
28640,38.83
28641,23.0
28642,32.58
28643,32.16
28644,41.76
28645,39.475
28646,36.97666666666666
28647,31.18
28648,25.88
28649,72.0
28650,56.5
28651,61.0
28652,79.0
28653,38.775
28654,40.695
28655,45.46
28656,38.1
28657,37.32
28658,66.0
28659,61.0
28660,65.0
28661,39.78833333333334
28662,65.0
28663,37.34
28664,17.15
28665,47.085
28666,31.795
28667,27.61
28668,32.81
28669,42.13
28670,39.905
28671,31.130000000000003
28672,33.25
28673,32.69
28674,33.17
28675,37.79
28676,33.73
28677,34.23
28678,34.77
28679,41.35
28680,44.765
28681,31.64
28682,36.91
28683,32.91
28684,39.925
28685,40.33
28686,21.12
28687,38.4
28688,24.78
28689,38.22857142857143
28690,35.41
28691,34.47
28692,32.52
28693,33.2
28694,38.17
28695,37.365
28696,49.375
28697,37.55
28698,32.08
28699,30.845
28700,34.32
28701,33.31
28702,50.005
28703,31.090000000000003
28704,34.77
28705,35.91
28706,40.895
28707,37.17
28708,33.635
28709,37.55
28710,45.555
28711,34.55
28712,28.479999999999997
28713,46.986
28714,55.0
28715,33.4275
28716,25.175
28717,35.54
28718,21.57
28719,12.190000000000001
28720,41.085
28721,18.8
28722,20.3
28723,51.0
28724,27.229999999999997
28725,25.81
28726,13.739999999999998
28727,25.385
28728,28.36
28729,34.06
28730,27.14
28731,16.37
28732,30.130000000000003
28733,34.36
28734,28.57
28735,34.555
28736,36.33
28737,35.18
28738,34.98333333333333
28739,8.04
28740,14.485
28741,17.625
28742,25.49
28743,29.244999999999997
28744,27.240000000000002
28745,26.09
28746,37.35
28747,41.73
28748,26.77
28749,28.78
28750,27.810000000000002
28751,38.695
28752,28.240000000000002
28753,23.07
28754,28.770000000000003
28755,27.200000000000003
28756,36.67
28757,37.4
28758,23.235
28759,27.439999999999998
28760,33.695
28761,31.159999999999997
28762,25.385
28763,24.29
28764,36.09
28765,24.37
28766,33.1
28767,35.855
28768,30.04
28769,25.98
28770,29.83
28771,31.65
28772,20.595
28773,30.83
28774,39.36600000000001
28775,31.674999999999997
28776,30.229999999999997
28777,40.45
28778,29.951666666666668
28779,34.42
28780,24.14
28781,30.545
28782,19.22
28783,23.71
28784,34.29
28785,30.195
28786,28.18
28787,29.939999999999998
28788,41.755
28789,34.92
28790,22.881666666666664
28791,20.95
28792,28.310000000000002
28793,25.47
28794,23.93
28795,25.395
28796,13.43
28797,-3.0
28798,33.31
28799,24.79
28800,28.880000000000003
28801,22.16
28802,33.85
28803,32.08
28804,80.0
28805,89.0
28806,50.46
28807,62.0
28808,37.9875
28809,65.0
28810,42.92
28811,29.259999999999998
28812,58.0
28813,80.0
28814,46.84
28815,46.86
28816,42.43
28817,55.0
28818,57.0
28819,42.81
28820,38.83
28821,48.73
28822,52.486
28823,43.52
28824,33.68
28825,48.69
28826,44.218500000000006
28827,52.0
28828,51.595
28829,37.68
28830,38.89
28831,36.1
28832,31.58
28833,57.83
28834,46.295
28835,48.595
28836,32.105
28837,41.325
28838,61.0
28839,43.33
28840,83.0
28841,41.0
28842,34.83
28843,65.0
28844,40.0
28845,40.48
28846,82.0
28847,46.735
28848,50.87
28849,61.0
28850,37.32
28851,42.04
28852,48.13
28853,45.6725
28854,58.0
28855,34.958333333333336
28856,29.82
28857,36.465
28858,61.0
28859,38.83
28860,47.0
28861,47.3625
28862,37.81
28863,62.0
28864,47.59
28865,38.03
28866,33.84
28867,40.935
28868,45.91
28869,31.240000000000002
28870,40.6
28871,28.275
28872,41.1
28873,28.64
28874,33.165
28875,34.54
28876,44.785
28877,43.265
28878,34.34
28879,28.75
28880,37.83
28881,50.63333333333333
28882,40.41
28883,33.3975
28884,45.55
28885,35.23
28886,32.64
28887,39.0
28888,30.03
28889,38.47
28890,50.9425
28891,33.8
28892,32.57
28893,33.69
28894,31.700000000000003
28895,28.03
28896,48.88
28897,38.775
28898,50.29
28899,36.125
28900,38.64
28901,45.585
28902,33.39
28903,42.95
28904,39.84
28905,39.625
28906,47.405
28907,74.0
28908,39.93
28909,44.95333333333334
28910,46.63
28911,35.2
28912,52.115
28913,33.25
28914,34.6
28915,30.97
28916,45.58
28917,44.23
28918,51.79
28919,36.12
28920,35.685
28921,23.15
28922,46.41
28923,30.92
28924,40.06
28925,35.21
28926,41.101000000000006
28927,39.925
28928,38.651
28929,32.33
28930,35.395
28931,30.509999999999998
28932,41.82
28933,41.63
28934,27.105714285714285
28935,35.27
28936,42.28
28937,49.86
28938,31.560000000000002
28939,35.16
28940,34.74
28941,42.485
28942,33.6
28943,32.32
28944,31.65
28945,53.3025
28946,49.88
28947,31.119999999999997
28948,32.39
28949,31.340000000000003
28950,39.19
28951,34.71
28952,45.73
28953,36.39
28954,39.31
28955,34.01
28956,29.490000000000002
28957,33.9
28958,38.44
28959,34.61
28960,44.46
28961,37.66
28962,30.090000000000003
28963,27.54
28964,78.0
28965,33.83
28966,49.41
28967,34.96
28968,54.0
28969,63.0
28970,-0.3899999999999997
28971,49.5
28972,37.0
28973,32.75
28974,19.56
28975,57.0
28976,61.33333333333326
28977,52.0
28978,60.0
28979,31.215000000000003
28980,60.0
28981,70.0
28982,31.854999999999997
28983,30.08
28984,31.97
28985,30.229999999999997
28986,33.07
28987,32.97
28988,40.86333333333334
28989,23.32
28990,38.315
28991,32.24
28992,33.71
28993,27.255000000000003
28994,31.770000000000003
28995,34.82
28996,29.509999999999998
28997,42.55
28998,23.91
28999,34.69
29000,33.5175
29001,32.09
29002,29.939999999999998
29003,34.96
29004,32.62
29005,36.94
29006,36.42
29007,33.665
29008,31.67
29009,28.575000000000003
29010,34.72
29011,30.365000000000002
29012,35.3
29013,28.560000000000002
29014,30.409999999999997
29015,37.54
29016,28.71
29017,31.435000000000002
29018,34.29
29019,31.325000000000003
29020,38.0
29021,30.729999999999997
29022,27.700000000000003
29023,33.66
29024,31.85
29025,23.0
29026,35.78
29027,30.86
29028,35.28
29029,41.2
29030,33.08
29031,45.08166666666666
29032,39.32
29033,17.17
29034,29.17
29035,19.47
29036,38.765
29037,30.358333333333327
29038,43.38
29039,39.015
29040,39.05
29041,38.08
29042,30.090000000000003
29043,31.740000000000002
29044,29.759999999999998
29045,23.42
29046,23.775
29047,30.9
29048,35.035
29049,34.14
29050,25.15
29051,41.295
29052,30.97
29053,30.229999999999997
29054,14.386666666666667
29055,33.445
29056,28.130000000000003
29057,17.13
29058,41.915
29059,20.075
29060,16.07
29061,27.826666666666668
29062,21.02
29063,15.5
29064,41.07
29065,18.36
29066,26.98
29067,39.166
29068,23.0
29069,16.67
29070,28.89
29071,19.59
29072,21.8
29073,22.15
29074,30.79
29075,-2.0
29076,-1.0
29077,21.86666666666667
29078,29.811999999999998
29079,31.590000000000003
29080,27.14
29081,25.26
29082,7.626666666666663
29083,26.665
29084,14.41
29085,31.08
29086,12.07
29087,24.59
29088,23.68
29089,26.23
29090,28.380000000000003
29091,30.67
29092,26.585
29093,38.63
29094,22.6
29095,34.85
29096,25.91666666666667
29097,22.52
29098,29.310000000000002
29099,27.729999999999997
29100,24.07
29101,22.41
29102,27.490000000000002
29103,14.02
29104,15.850000000000001
29105,21.28
29106,13.7
29107,17.44
29108,22.4
29109,27.255000000000003
29110,19.37
29111,20.085
29112,26.77
29113,22.66
29114,24.7
29115,19.72714285714286
29116,22.56
29117,17.66
29118,30.64666666666667
29119,17.84
29120,27.446666666666673
29121,19.18
29122,16.1
29123,31.335
29124,29.186666666666667
29125,14.274999999999999
29126,28.295
29127,39.985
29128,35.72
29129,39.005
29130,43.96
29131,32.51
29132,50.7975
29133,41.09
29134,36.57
29135,28.045
29136,43.835
29137,41.0
29138,35.69
29139,39.16
29140,34.605
29141,33.21
29142,37.385
29143,42.23666666666666
29144,81.0
29145,42.958
29146,35.18
29147,43.40833333333334
29148,43.30571428571429
29149,48.8425
29150,41.83
29151,50.92
29152,37.255
29153,42.07
29154,44.45
29155,36.79
29156,40.47
29157,38.06
29158,39.425
29159,46.48
29160,44.44
29161,34.39
29162,43.49
29163,45.47
29164,46.09
29165,45.02
29166,42.715
29167,37.23
29168,43.065
29169,39.75
29170,38.795
29171,45.51
29172,44.37
29173,31.700000000000003
29174,32.05
29175,38.605
29176,35.86
29177,33.795
29178,30.520000000000003
29179,43.95
29180,43.9
29181,31.939999999999998
29182,63.0
29183,37.975
29184,31.47
29185,50.625
29186,37.3
29187,33.41
29188,30.92
29189,30.21
29190,39.72
29191,39.13
29192,38.175
29193,36.385
29194,34.4
29195,39.105
29196,32.45
29197,27.46
29198,72.0
29199,22.91
29200,35.02
29201,17.0
29202,28.53
29203,31.0
29204,31.0
29205,29.0
29206,35.26
29207,23.0
29208,30.880000000000003
29209,36.635
29210,11.0
29211,41.92
29212,32.12
29213,30.0
29214,28.0
29215,44.265
29216,44.29166666666667
29217,22.0
29218,32.0
29219,29.0
29220,30.0
29221,38.5
29222,48.49
29223,43.66
29224,32.0
29225,36.08
29226,40.0
29227,30.240000000000002
29228,26.63
29229,38.29
29230,48.67833333333334
29231,37.0
29232,33.34
29233,30.28
29234,37.25
29235,31.25
29236,34.915
29237,42.76333333333334
29238,17.0
29239,47.0
29240,39.0
29241,32.74
29242,33.6875
29243,32.725
29244,32.675
29245,37.64
29246,36.93
29247,30.770000000000003
29248,29.990000000000002
29249,42.9975
29250,28.0
29251,24.0
29252,10.0
29253,27.85
29254,32.93
29255,32.22
29256,31.61
29257,34.875
29258,30.21
29259,31.799999999999997
29260,28.1
29261,44.16
29262,33.43
29263,30.03
29264,41.23
29265,46.32
29266,33.315
29267,31.479999999999997
29268,39.995
29269,35.78
29270,48.76
29271,37.3
29272,40.32
29273,29.994999999999997
29274,48.88
29275,39.51
29276,33.16
29277,41.86
29278,38.065
29279,35.14
29280,36.23
29281,32.83
29282,31.450000000000003
29283,23.25
29284,11.190000000000001
29285,49.1975
29286,34.54333333333333
29287,26.9
29288,45.475
29289,30.251666666666672
29290,26.661666666666665
29291,28.93
29292,22.24
29293,17.165
29294,36.13
29295,63.0
29296,23.47
29297,39.37
29298,36.8
29299,34.79
29300,38.95
29301,23.235
29302,71.0
29303,39.57
29304,31.17
29305,47.05
29306,46.82
29307,69.0
29308,62.0
29309,23.4
29310,55.0
29311,36.5
29312,33.3
29313,42.635
29314,39.535
29315,17.81
29316,20.3
29317,31.180999999999997
29318,53.71428571428562
29319,22.0
29320,40.0
29321,38.43
29322,37.87
29323,33.21333333333334
29324,14.59
29325,20.88
29326,31.090000000000003
29327,56.0
29328,29.416666666666664
29329,38.535
29330,26.305
29331,32.36
29332,31.229999999999997
29333,38.39
29334,75.0
29335,30.494999999999997
29336,48.0
29337,26.525
29338,29.520000000000003
29339,27.265
29340,15.0
29341,35.97166666666666
29342,38.84666666666667
29343,32.05
29344,28.11
29345,35.54
29346,35.645
29347,25.74
29348,22.32
29349,29.33
29350,42.885
29351,35.99
29352,33.48
29353,23.69
29354,44.73
29355,34.153333333333336
29356,31.253333333333337
29357,37.3625
29358,36.79
29359,31.560000000000002
29360,35.94
29361,29.02833333333333
29362,35.31
29363,37.035
29364,33.31
29365,27.340000000000003
29366,33.79
29367,30.740000000000002
29368,27.585
29369,18.005
29370,17.42
29371,39.955
29372,30.759999999999998
29373,29.545
29374,34.595
29375,35.91
29376,34.255
29377,16.36
29378,34.15
29379,34.2
29380,31.520000000000003
29381,33.825
29382,29.485
29383,20.6
29384,17.27
29385,26.4
29386,29.78
29387,30.174999999999997
29388,24.92
29389,34.255
29390,33.54
29391,29.869999999999997
29392,23.27
29393,44.545
29394,32.72
29395,33.545
29396,25.605
29397,22.92
29398,24.43666666666667
29399,26.135
29400,23.65
29401,28.82
29402,36.6
29403,27.82
29404,29.82333333333333
29405,15.899999999999999
29406,28.14
29407,21.73
29408,18.015
29409,28.847499999999997
29410,34.765
29411,9.465
29412,17.455
29413,18.65
29414,42.04
29415,26.055
29416,27.866666666666667
29417,43.33
29418,38.27
29419,39.48
29420,36.32
29421,40.87
29422,39.3
29423,41.6275
29424,42.755
29425,32.46
29426,52.27
29427,29.85
29428,37.16
29429,34.36933333333334
29430,32.04
29431,46.825
29432,29.89
29433,40.74
29434,48.580714285714286
29435,24.5
29436,50.9425
29437,36.12
29438,31.695
29439,46.216
29440,45.5
29441,30.450000000000003
29442,48.2975
29443,40.6
29444,49.362166666666674
29445,31.64
29446,58.0
29447,35.56
29448,37.32
29449,29.564999999999998
29450,51.15
29451,34.17
29452,30.89
29453,41.995
29454,34.45333333333333
29455,33.37
29456,27.46
29457,35.555
29458,40.855
29459,31.22
29460,48.76
29461,33.84
29462,31.240000000000002
29463,35.416
29464,32.385
29465,38.46
29466,45.335
29467,50.14583333333334
29468,32.32
29469,31.740000000000002
29470,41.765
29471,34.94
29472,30.409999999999997
29473,44.571000000000005
29474,33.04
29475,35.52
29476,35.01
29477,30.9
29478,30.259999999999998
29479,42.77
29480,42.72
29481,37.83
29482,35.06
29483,42.21
29484,36.7325
29485,30.28
29486,30.189999999999998
29487,40.76
29488,53.5675
29489,43.07
29490,33.2
29491,36.0275
29492,43.46333333333334
29493,30.479999999999997
29494,34.055
29495,34.295
29496,48.195
29497,53.605
29498,60.0
29499,27.159999999999997
29500,35.01
29501,35.6
29502,48.025
29503,31.375
29504,28.04
29505,30.979999999999997
29506,30.08
29507,38.0
29508,68.0
29509,73.0
29510,27.435000000000002
29511,37.07
29512,41.055
29513,32.9
29514,34.69
29515,74.0
29516,38.84666666666667
29517,37.39
29518,43.5125
29519,35.37
29520,27.196666666666673
29521,-2.0
29522,34.81
29523,47.295
29524,14.333333333333304
29525,36.995
29526,36.14
29527,26.505
29528,17.30333333333333
29529,22.94
29530,29.4
29531,24.79
29532,29.985
29533,32.99333333333333
29534,31.47
29535,31.394333333333336
29536,67.0
29537,28.93
29538,38.80666666666666
29539,39.22666666666666
29540,42.795
29541,42.845
29542,59.0
29543,28.604999999999997
29544,34.64
29545,40.325
29546,29.86166666666667
29547,33.79
29548,48.61833333333334
29549,27.840000000000003
29550,22.145
29551,26.536
29552,76.0
29553,30.902142857142856
29554,38.95
29555,37.81
29556,32.056666666666665
29557,24.995
29558,38.63
29559,31.93333333333333
29560,36.185
29561,43.348333333333336
29562,22.18
29563,22.66
29564,33.891666666666666
29565,38.2925
29566,20.8
29567,54.0
29568,20.93
29569,35.33
29570,30.696666666666665
29571,26.065
29572,26.56
29573,23.11
29574,26.14
29575,30.08
29576,40.4
29577,29.020000000000003
29578,37.44
29579,26.435
29580,32.81
29581,48.0
29582,36.81
29583,25.24
29584,28.145000000000003
29585,32.14666666666667
29586,41.16583333333333
29587,13.0
29588,35.10666666666667
29589,32.3625
29590,25.64
29591,18.98
29592,20.92
29593,29.759999999999998
29594,32.55
29595,36.28
29596,28.656999999999996
29597,8.75
29598,37.095
29599,42.885
29600,48.0
29601,30.200000000000003
29602,32.50666666666667
29603,17.0
29604,28.759999999999998
29605,48.698
29606,37.42
29607,65.0
29608,42.365
29609,63.0
29610,41.875
29611,66.0
29612,40.69
29613,80.0
29614,42.565
29615,40.52
29616,30.0
29617,29.945
29618,35.72
29619,31.25
29620,72.0
29621,37.39
29622,62.0
29623,43.055
29624,33.08
29625,45.82
29626,39.0
29627,42.97
29628,37.12
29629,70.0
29630,48.93600000000001
29631,74.0
29632,51.0
29633,41.40607142857143
29634,39.605
29635,46.86
29636,41.315
29637,43.425
29638,39.88
29639,66.0
29640,37.76333333333333
29641,66.0
29642,82.0
29643,43.79
29644,34.65
29645,76.0
29646,48.2
29647,42.43
29648,50.35
29649,86.0
29650,50.92
29651,75.0
29652,42.23666666666666
29653,42.015
29654,69.0
29655,41.77
29656,44.83
29657,33.695
29658,45.13
29659,40.425
29660,51.35
29661,41.9
29662,41.91
29663,43.17
29664,38.08
29665,34.77
29666,65.0
29667,37.51
29668,41.1
29669,51.11
29670,45.695
29671,40.675
29672,43.045
29673,47.35
29674,61.0
29675,43.95
29676,62.0
29677,61.0
29678,62.0
29679,44.1425
29680,62.0
29681,52.0
29682,58.0
29683,63.0
29684,61.0
29685,61.0
29686,45.9075
29687,39.94
29688,46.0
29689,40.51
29690,31.33
29691,36.705714285714286
29692,47.176
29693,64.0
29694,41.47
29695,30.0
29696,38.36
29697,38.01
29698,44.61
29699,46.00833333333334
29700,35.87
29701,61.0
29702,36.74
29703,38.43666666666666
29704,33.885
29705,42.045
29706,38.77933333333334
29707,38.205
29708,32.01
29709,38.96
29710,40.6
29711,44.105
29712,43.88
29713,34.135
29714,38.69
29715,41.72
29716,41.405
29717,35.14
29718,41.52
29719,37.065
29720,41.07
29721,30.799999999999997
29722,36.645
29723,39.465
29724,45.456
29725,45.47166666666667
29726,32.98964285714285
29727,27.251666666666665
29728,35.38
29729,37.145
29730,37.52
29731,46.455
29732,33.785
29733,42.011
29734,39.615
29735,33.65
29736,28.090000000000003
29737,41.45666666666666
29738,38.165
29739,38.505
29740,38.74
29741,38.735
29742,38.94
29743,33.41
29744,42.41
29745,26.521666666666665
29746,23.965
29747,39.28833333333334
29748,38.34
29749,39.835
29750,39.848333333333336
29751,45.75
29752,38.85
29753,27.869999999999997
29754,40.26
29755,42.02
29756,35.815
29757,32.43833333333333
29758,45.19916666666667
29759,44.30416666666666
29760,39.036
29761,35.35333333333333
29762,39.88
29763,47.11666666666667
29764,48.875
29765,29.57
29766,46.19
29767,32.91
29768,31.0775
29769,22.83
29770,38.43
29771,31.932499999999997
29772,33.27166666666667
29773,36.58
29774,34.73
29775,68.5
29776,45.1
29777,34.91
29778,31.159999999999997
29779,42.23833333333333
29780,70.0
29781,35.02
29782,28.0
29783,37.0
29784,49.0275
29785,66.0
29786,26.53
29787,19.0
29788,47.39
29789,38.67333333333334
29790,40.855
29791,38.55
29792,42.43
29793,24.78
29794,42.14666666666666
29795,45.5
29796,36.5775
29797,45.056
29798,83.0
29799,42.77833333333333
29800,40.73
29801,29.939999999999998
29802,29.57
29803,39.505
29804,56.0
29805,35.74
29806,37.365
29807,39.925
29808,34.23
29809,32.1
29810,36.67
29811,30.560000000000002
29812,37.442
29813,41.15
29814,44.37
29815,49.8625
29816,63.0
29817,39.36
29818,38.07
29819,56.0
29820,36.765
29821,48.195
29822,40.3925
29823,50.0
29824,65.0
29825,36.24
29826,50.625
29827,21.3
29828,24.47833333333333
29829,35.78
29830,27.979999999999997
29831,63.0
29832,37.79
29833,37.17
29834,38.166
29835,43.036
29836,42.13
29837,33.24
29838,46.2
29839,38.515
29840,42.445
29841,35.44
29842,43.2
29843,40.245
29844,44.48
29845,27.53
29846,48.8225
29847,53.23
29848,42.285
29849,38.415
29850,40.1
29851,37.21
29852,32.87
29853,44.7
29854,40.6
29855,33.66
29856,51.055
29857,42.75
29858,39.24
29859,36.18
29860,39.45
29861,27.83
29862,35.56
29863,31.42
29864,36.5
29865,32.62
29866,38.87
29867,31.310000000000002
29868,31.700000000000003
29869,39.0
29870,38.13
29871,34.9
29872,41.93
29873,44.54
29874,30.284999999999997
29875,35.97
29876,42.29
29877,49.64
29878,34.92
29879,38.59666666666667
29880,41.305
29881,29.994999999999997
29882,41.3275
29883,40.0
29884,28.0
29885,40.665
29886,23.82
29887,36.11
29888,39.0
29889,29.53
29890,46.89666666666666
29891,34.685
29892,45.26
29893,47.98
29894,48.46
29895,34.23
29896,52.268
29897,28.380000000000003
29898,35.0
29899,34.28
29900,30.0
29901,33.145
29902,34.93
29903,37.0
29904,42.44
29905,41.4875
29906,39.195
29907,46.71
29908,46.555
29909,32.54
29910,29.46
29911,38.0
29912,37.96
29913,41.545
29914,42.46
29915,43.0
29916,40.49
29917,36.74
29918,39.52
29919,46.26
29920,38.725
29921,33.43
29922,39.405
29923,48.43
29924,36.86
29925,30.240000000000002
29926,36.025
29927,29.0
29928,41.77333333333333
29929,41.37
29930,33.4
29931,49.87
29932,47.17
29933,38.05
29934,27.322000000000003
29935,31.9
29936,41.86
29937,27.85
29938,40.93
29939,38.235
29940,48.256
29941,62.0
29942,36.82
29943,49.0
29944,35.286
29945,55.0
29946,33.16
29947,60.0
29948,35.801
29949,45.235
29950,83.0
29951,38.25
29952,35.69
29953,34.6
29954,35.795
29955,42.345
29956,45.02
29957,81.0
29958,32.05
29959,52.91
29960,38.47
29961,41.5
29962,41.35
29963,33.51
29964,60.0
29965,46.875
29966,31.36
29967,45.565
29968,34.42
29969,33.39
29970,45.65
29971,44.4
29972,36.13
29973,22.95
29974,39.06
29975,40.055
29976,77.0
29977,34.7
29978,51.96857142857143
29979,37.49
29980,65.0
29981,35.99
29982,37.795
29983,35.96
29984,38.52
29985,58.0
29986,38.13
29987,46.645
29988,70.0
29989,38.14
29990,45.66
29991,36.175714285714285
29992,46.28
29993,36.57
29994,39.93
29995,78.0
29996,45.33666666666666
29997,35.28
29998,38.88
29999,54.645
30000,40.46
30001,47.71999999999999
30002,40.220000000000006
30003,47.085
30004,40.0
30005,40.34
30006,16.0
30007,63.0
30008,41.41666666666667
30009,57.19583333333334
30010,42.0
30011,59.0
30012,61.91
30013,50.0
30014,46.11
30015,19.0
30016,37.465
30017,32.54
30018,31.0
30019,38.77
30020,42.83
30021,47.87
30022,51.0
30023,51.68
30024,44.82
30025,40.0
30026,35.24
30027,43.915
30028,45.16
30029,49.466
30030,57.07142857142857
30031,40.0
30032,38.0
30033,46.0
30034,60.0
30035,40.42
30036,35.0
30037,35.61
30038,47.255
30039,44.481
30040,35.455
30041,76.0
30042,59.105000000000004
30043,42.0
30044,39.65433333333333
30045,48.59
30046,46.24
30047,41.978
30048,46.78333333333334
30049,41.66
30050,44.25
30051,51.0
30052,73.0
30053,41.01
30054,45.0
30055,32.825
30056,35.565
30057,77.0
30058,40.415
30059,40.0
30060,39.57
30061,35.58
30062,71.0
30063,67.0
30064,32.0
30065,35.465
30066,54.765
30067,67.0
30068,44.57
30069,33.66666666666661
30070,44.455
30071,48.29
30072,63.0
30073,62.0
30074,33.045
30075,74.0
30076,71.0
30077,61.0
30078,36.4
30079,38.935
30080,29.991666666666667
30081,46.56
30082,40.286428571428566
30083,36.39
30084,33.65571428571428
30085,68.0
30086,36.375
30087,33.03
30088,75.0
30089,36.501000000000005
30090,52.3375
30091,49.195
30092,68.0
30093,41.825
30094,36.72
30095,72.0
30096,64.0
30097,73.0
30098,29.991666666666667
30099,36.595
30100,30.261000000000003
30101,24.14
30102,27.049999999999997
30103,39.18
30104,25.27
30105,38.41
30106,28.494999999999997
30107,38.01
30108,12.0
30109,38.515
30110,40.54
30111,45.245
30112,40.03
30113,37.28
30114,27.46
30115,15.29
30116,37.23
30117,34.06
30118,22.35
30119,25.35666666666667
30120,39.355
30121,19.765
30122,15.04
30123,31.18
30124,30.409999999999997
30125,39.77
30126,29.21
30127,24.4025
30128,28.89
30129,41.51
30130,39.002142857142864
30131,30.409999999999997
30132,23.22
30133,24.17
30134,40.46
30135,32.94
30136,23.62
30137,27.909999999999997
30138,35.38666666666667
30139,30.705
30140,32.60166666666667
30141,29.22
30142,30.310000000000002
30143,29.5
30144,37.035
30145,33.53
30146,37.56
30147,31.638333333333335
30148,34.60666666666667
30149,35.81
30150,36.64
30151,30.155
30152,38.43
30153,30.630000000000003
30154,37.2675
30155,34.35
30156,29.863333333333337
30157,38.775
30158,40.26
30159,37.11033333333334
30160,32.86
30161,0.0
30162,-5.0
30163,22.671666666666667
30164,32.14
30165,32.61
30166,38.875
30167,39.1875
30168,36.96
30169,38.39166666666666
30170,34.11166666666667
30171,38.21
30172,36.47
30173,30.134999999999998
30174,24.91
30175,37.73
30176,44.25
30177,30.765
30178,43.485
30179,33.135
30180,-4.0
30181,30.305
30182,51.0
30183,41.53166666666666
30184,37.685
30185,24.295
30186,36.035
30187,28.22
30188,19.785
30189,36.45
30190,0.0
30191,39.86166666666666
30192,36.31
30193,56.49
30194,33.185
30195,36.735
30196,74.0
30197,93.0
30198,88.0
30199,90.0
30200,44.736
30201,93.0
30202,74.0
30203,93.0
30204,92.0
30205,43.0
30206,92.0
30207,93.0
30208,42.0
30209,80.75
30210,92.0
30211,24.0
30212,80.85714285714295
30213,18.0
30214,80.0
30215,91.0
30216,83.0
30217,20.0
30218,89.0
30219,85.0
30220,41.54
30221,89.0
30222,52.0
30223,90.0
30224,18.0
30225,79.19999999999989
30226,89.0
30227,47.0
30228,16.0
30229,88.0
30230,42.0
30231,88.0
30232,77.80000000000011
30233,21.0
30234,81.0
30235,83.60000000000016
30236,20.0
30237,89.0
30238,45.0
30239,85.0
30240,22.0
30241,87.0
30242,85.0
30243,9.0
30244,89.0
30245,81.25
30246,13.0
30247,87.0
30248,87.0
30249,49.0625
30250,86.0
30251,34.0
30252,82.0
30253,88.0
30254,41.12571428571428
30255,86.0
30256,88.0
30257,21.0
30258,85.0
30259,86.0
30260,37.48571428571429
30261,83.0
30262,83.0
30263,37.0
30264,81.60000000000016
30265,86.0
30266,33.0
30267,50.0
30268,84.0
30269,9.0
30270,86.0
30271,9.0
30272,22.0
30273,68.0
30274,68.0
30275,23.0
30276,62.0
30277,73.0
30278,21.0
30279,51.555
30280,42.0
30281,61.0
30282,78.0
30283,40.0
30284,65.0
30285,63.0
30286,24.0
30287,75.0
30288,85.0
30289,25.0
30290,72.0
30291,65.0
30292,74.0
30293,31.423333333333332
30294,45.2
30295,49.23666666666667
30296,48.53
30297,79.0
30298,64.0
30299,43.97666666666667
30300,72.0
30301,51.64
30302,41.535
30303,52.33
30304,74.0
30305,43.93
30306,47.72
30307,78.0
30308,74.0
30309,38.8
30310,74.0
30311,50.625
30312,43.285
30313,80.57142857142853
30314,45.64
30315,33.11
30316,35.055
30317,45.43
30318,55.02
30319,39.015
30320,47.435
30321,68.0
30322,83.0
30323,57.0
30324,40.755
30325,37.325
30326,42.46
30327,35.49
30328,37.8
30329,55.94
30330,41.36
30331,48.5225
30332,45.91
30333,47.915
30334,48.91
30335,60.0
30336,46.17
30337,86.0
30338,43.865
30339,44.22666666666667
30340,43.41666666666667
30341,38.67
30342,43.91166666666667
30343,42.02
30344,43.23
30345,48.46166666666666
30346,41.725
30347,43.1
30348,51.04
30349,66.0
30350,48.53
30351,45.225
30352,37.15
30353,36.8
30354,44.28
30355,48.42
30356,47.29
30357,48.83
30358,40.275
30359,42.59
30360,37.42
30361,50.565
30362,38.74
30363,70.5
30364,69.0
30365,55.36
30366,61.0
30367,42.565
30368,41.01
30369,80.0
30370,45.19
30371,67.25
30372,44.47
30373,40.28
30374,39.07
30375,50.195
30376,37.67
30377,34.61
30378,82.0
30379,47.86
30380,53.56333333333333
30381,68.1314285714285
30382,34.115
30383,36.49
30384,52.095
30385,63.656666666666666
30386,81.0
30387,86.0
30388,88.0
30389,74.0
30390,80.75
30391,40.5
30392,74.0
30393,46.0
30394,71.0
30395,81.0
30396,74.0
30397,27.78214285714286
30398,72.0
30399,76.0
30400,52.0
30401,50.325
30402,69.0
30403,47.65
30404,29.865000000000002
30405,44.27
30406,75.5
30407,75.0
30408,57.0
30409,78.0
30410,61.5
30411,41.04
30412,45.03666666666667
30413,32.64333333333334
30414,80.0
30415,70.0
30416,77.0
30417,73.0
30418,74.0
30419,72.0
30420,68.0
30421,35.03
30422,44.46666666666666
30423,88.0
30424,81.0
30425,46.5475
30426,35.145
30427,72.0
30428,81.25
30429,44.965
30430,37.24
30431,42.61
30432,70.0
30433,34.19166666666667
30434,36.49
30435,56.0
30436,71.0
30437,58.74
30438,70.0
30439,73.0
30440,50.0
30441,68.0
30442,68.0
30443,49.06
30444,71.0
30445,66.0
30446,78.0
30447,75.0
30448,72.0
30449,72.0
30450,80.0
30451,75.0
30452,62.0
30453,40.235
30454,73.0
30455,27.884999999999998
30456,78.0
30457,58.0
30458,33.66666666666661
30459,46.60000000000003
30460,73.0
30461,78.0
30462,54.88333333333333
30463,71.0
30464,56.0
30465,40.026
30466,63.0
30467,38.400000000000034
30468,78.0
30469,41.11
30470,71.0
30471,38.78
30472,38.325
30473,43.395
30474,53.0
30475,32.35
30476,26.995
30477,45.72
30478,40.87666666666667
30479,36.275
30480,27.5
30481,25.38
30482,33.291
30483,39.93666666666666
30484,55.245
30485,46.215
30486,42.30666666666666
30487,40.39
30488,32.585
30489,40.01
30490,40.7475
30491,38.74333333333333
30492,35.58666666666667
30493,36.54666666666666
30494,33.295
30495,39.95
30496,31.590000000000003
30497,47.74666666666667
30498,39.02
30499,28.33
30500,37.515
30501,48.125
30502,34.79
30503,31.79
30504,52.525
30505,44.57333333333333
30506,37.93
30507,38.015
30508,47.305
30509,42.1
30510,39.63
30511,45.66833333333334
30512,44.505
30513,38.86
30514,49.4225
30515,48.95
30516,40.4925
30517,40.77250000000001
30518,38.06
30519,35.695
30520,39.57
30521,44.94666666666667
30522,48.69
30523,44.425
30524,44.075
30525,44.43
30526,37.64
30527,33.0
30528,38.825
30529,41.0
30530,78.0
30531,43.22
30532,41.1
30533,42.78
30534,48.208
30535,55.201
30536,43.54
30537,49.59
30538,44.415
30539,62.0
30540,41.375
30541,43.49
30542,48.915
30543,50.24964285714285
30544,48.795
30545,45.276
30546,40.79
30547,46.73333333333333
30548,36.61600000000001
30549,43.7
30550,42.71
30551,46.495
30552,36.185
30553,45.45
30554,47.65
30555,35.11333333333334
30556,48.21
30557,41.58
30558,43.80333333333334
30559,43.09
30560,46.755
30561,47.46
30562,49.03
30563,38.58
30564,41.1975
30565,40.225
30566,34.77
30567,42.78
30568,39.7
30569,38.715
30570,36.29
30571,44.0
30572,61.0
30573,30.438333333333333
30574,39.275
30575,44.665
30576,36.84666666666666
30577,46.06
30578,45.5225
30579,35.925
30580,39.038500000000006
30581,43.135
30582,34.73833333333334
30583,31.015
30584,40.425
30585,40.47
30586,39.81
30587,29.770000000000003
30588,36.06
30589,32.67
30590,41.56
30591,69.0
30592,36.86
30593,31.817500000000003
30594,34.36380952380952
30595,42.905
30596,35.5525
30597,36.86
30598,32.870714285714286
30599,40.18
30600,36.71
30601,36.8675
30602,42.285
30603,41.82200000000001
30604,34.88
30605,38.4625
30606,40.63333333333334
30607,38.59
30608,37.96
30609,33.653333333333336
30610,40.54
30611,63.0
30612,33.805
30613,38.54
30614,33.67
30615,36.355
30616,32.945
30617,39.615
30618,47.0
30619,34.30666666666667
30620,67.0
30621,28.9
30622,68.0
30623,38.9
30624,72.0
30625,37.72416666666666
30626,71.0
30627,33.88
30628,74.0
30629,80.0
30630,34.665
30631,41.65
30632,65.0
30633,53.0
30634,61.260000000000005
30635,50.51
30636,69.0
30637,68.0
30638,71.0
30639,71.0
30640,51.86
30641,67.0
30642,47.565
30643,34.66
30644,37.26166666666667
30645,50.0475
30646,33.3
30647,77.0
30648,79.0
30649,37.55166666666667
30650,63.0
30651,41.38166666666667
30652,42.9
30653,72.0
30654,62.5
30655,30.04
30656,65.66666666666676
30657,70.0
30658,31.693333333333335
30659,77.0
30660,33.29
30661,73.0
30662,71.0
30663,37.18
30664,26.47
30665,36.38
30666,43.00433333333333
30667,34.80833333333334
30668,71.0
30669,63.0
30670,37.8175
30671,47.19
30672,76.0
30673,76.0
30674,27.490000000000002
30675,62.0
30676,61.0
30677,73.0
30678,75.0
30679,78.0
30680,69.75
30681,72.0
30682,76.0
30683,40.40166666666666
30684,62.0
30685,40.29
30686,37.6
30687,70.0
30688,41.675
30689,34.3
30690,11.0
30691,69.0
30692,19.0
30693,25.66666666666664
30694,12.239999999999998
30695,58.0
30696,46.33333333333332
30697,37.7
30698,39.935
30699,40.64666666666666
30700,73.0
30701,40.97
30702,42.1625
30703,33.61666666666667
30704,32.565
30705,43.65
30706,34.685
30707,37.21
30708,30.6075
30709,68.0
30710,40.223333333333336
30711,24.46
30712,35.49
30713,56.0
30714,59.0
30715,60.0
30716,17.0
30717,32.33714285714286
30718,56.0
30719,32.235
30720,37.8
30721,34.89
30722,40.70333333333333
30723,58.0
30724,47.20585714285714
30725,38.7
30726,39.43214285714285
30727,33.625
30728,42.21
30729,28.0
30730,59.0
30731,40.21
30732,37.83
30733,34.9
30734,32.33
30735,34.895
30736,69.0
30737,31.08
30738,33.33
30739,32.36
30740,42.255
30741,44.11
30742,42.495
30743,38.21666666666666
30744,68.0
30745,42.99
30746,44.88
30747,41.55
30748,35.64
30749,65.475
30750,40.44333333333333
30751,50.25
30752,30.075000000000003
30753,37.055
30754,43.6375
30755,36.225
30756,37.44
30757,39.665
30758,47.05
30759,37.02
30760,6.0
30761,48.53266666666666
30762,33.57
30763,40.185
30764,34.83
30765,41.92083333333334
30766,39.76
30767,35.755
30768,54.0
30769,40.52
30770,45.425
30771,44.17666666666667
30772,42.37
30773,29.729999999999997
30774,30.78714285714286
30775,40.87
30776,61.0
30777,68.0
30778,38.545
30779,53.0
30780,37.0
30781,60.510000000000005
30782,32.425
30783,43.175
30784,50.345
30785,30.08
30786,53.1
30787,32.55666666666667
30788,41.825
30789,39.87666666666666
30790,45.63
30791,52.42
30792,43.0
30793,46.25
30794,71.0
30795,47.53
30796,33.56
30797,37.56
30798,29.990000000000002
30799,49.99
30800,45.5
30801,39.606
30802,48.49100000000001
30803,48.301
30804,37.0
30805,18.0
30806,30.0
30807,43.91
30808,25.43
30809,38.66
30810,30.575000000000003
30811,47.865
30812,34.24
30813,27.369999999999997
30814,34.34
30815,31.375
30816,40.29
30817,43.037000000000006
30818,22.23
30819,33.0
30820,34.485
30821,38.63
30822,33.98
30823,40.238
30824,43.98
30825,33.21
30826,37.645
30827,40.66
30828,42.5695
30829,37.0
30830,41.315
30831,27.436666666666667
30832,26.33
30833,32.61
30834,32.875
30835,44.06
30836,32.89
30837,46.4
30838,31.615000000000002
30839,34.3
30840,38.99833333333333
30841,43.94833333333333
30842,39.035
30843,26.609
30844,78.0
30845,55.49
30846,42.0
30847,82.0
30848,36.44
30849,42.0
30850,58.45
30851,45.955
30852,28.0
30853,23.08
30854,38.504
30855,41.985
30856,71.0
30857,37.175
30858,41.17
30859,50.0
30860,-2.0
30861,15.0
30862,73.0
30863,54.0
30864,65.72
30865,69.0
30866,56.0
30867,61.0
30868,61.72
30869,57.45
30870,70.0
30871,69.0
30872,67.0
30873,64.0
30874,33.12666666666667
30875,36.1
30876,60.0
30877,35.38
30878,55.0
30879,-1.0
30880,33.595
30881,31.625
30882,37.35666666666667
30883,32.635
30884,38.49
30885,34.68
30886,31.72
30887,60.0
30888,34.35
30889,66.0
30890,44.105
30891,31.880000000000003
30892,31.64
30893,36.68166666666667
30894,28.159999999999997
30895,34.07
30896,29.28
30897,23.465
30898,49.18
30899,36.615
30900,31.009999999999998
30901,35.765
30902,60.0
30903,35.7125
30904,33.5975
30905,23.92
30906,28.845
30907,38.72
30908,42.11071428571429
30909,33.67
30910,33.505
30911,67.75
30912,41.0975
30913,67.66666666666676
30914,41.68
30915,37.135
30916,76.0
30917,26.863333333333333
30918,30.369999999999997
30919,31.42
30920,-2.0
30921,3.0
30922,40.26666666666666
30923,20.3
30924,38.14
30925,41.5
30926,37.74
30927,72.0
30928,31.229999999999997
30929,72.0
30930,77.0
30931,56.03
30932,30.590000000000003
30933,39.1
30934,34.75
30935,37.87666666666666
30936,33.8975
30937,53.0
30938,38.00333333333334
30939,64.0
30940,44.33333333333333
30941,55.0
30942,32.13933333333333
30943,57.75
30944,30.5
30945,37.39833333333333
30946,34.5
30947,3.0
30948,31.015
30949,31.354999999999997
30950,53.0
30951,43.389
30952,33.275
30953,8.0
30954,18.94
30955,4.0
30956,56.0
30957,29.89
30958,9.0
30959,14.333333333333304
30960,37.34
30961,26.24
30962,30.17
30963,35.97166666666666
30964,46.60000000000003
30965,40.66333333333334
30966,33.3
30967,25.35
30968,42.725
30969,33.39
30970,38.88
30971,33.38416666666667
30972,63.0
30973,37.87833333333334
30974,29.560000000000002
30975,66.0
30976,60.0
30977,34.115
30978,26.69
30979,35.7325
30980,66.0
30981,21.51
30982,35.124
30983,33.87
30984,56.0
30985,33.775
30986,23.67
30987,2.0
30988,65.0
30989,9.0
30990,32.57333333333334
30991,13.0
30992,6.0
30993,33.75666666666667
30994,35.27333333333333
30995,30.84166666666667
30996,1.0
30997,36.99
30998,46.0
30999,53.0
31000,47.08714285714287
31001,46.5
31002,37.0
31003,31.39
31004,29.575000000000003
31005,28.979999999999997
31006,28.515
31007,35.85166666666667
31008,60.0
31009,37.28666666666666
31010,33.08
31011,57.0
31012,34.52
31013,48.1
31014,-1.0
31015,40.0
31016,21.59
31017,27.935000000000002
31018,70.0
31019,40.0
31020,80.0
31021,43.85833333333334
31022,2.0
31023,46.58166666666666
31024,17.13
31025,32.865
31026,34.64
31027,-4.74
31028,16.94
31029,28.939999999999998
31030,67.0
31031,16.51
31032,25.48
31033,38.21
31034,0.0
31035,21.78
31036,16.38
31037,31.75
31038,22.45
31039,12.09
31040,-5.0
31041,28.64
31042,14.559999999999999
31043,11.11
31044,8.97
31045,33.5025
31046,25.385
31047,22.54
31048,36.41
31049,-3.0
31050,19.905
31051,14.969999999999999
31052,27.21
31053,28.515
31054,24.89
31055,22.49
31056,15.45
31057,18.93
31058,30.509999999999998
31059,32.11
31060,14.27
31061,26.995
31062,8.04
31063,32.07666666666667
31064,48.46
31065,27.814999999999998
31066,20.34
31067,18.775
31068,23.25
31069,16.41
31070,23.27
31071,16.845
31072,22.95
31073,19.84
31074,13.276666666666664
31075,8.4
31076,20.06
31077,33.28
31078,16.166
31079,35.57
31080,29.509999999999998
31081,22.8
31082,30.36
31083,28.825000000000003
31084,24.59
31085,22.14
31086,29.159999999999997
31087,29.299999999999997
31088,28.225
31089,29.475
31090,27.645000000000003
31091,15.600000000000001
31092,23.71666666666667
31093,25.2
31094,32.06
31095,41.9
31096,17.58
31097,24.915
31098,26.82
31099,25.07
31100,36.58
31101,25.14
31102,28.869999999999997
31103,29.200000000000003
31104,20.71
31105,17.96
31106,28.72
31107,16.85
31108,27.490000000000002
31109,26.63
31110,39.09
31111,23.93
31112,20.9
31113,9.1
31114,35.42
31115,44.09416666666666
31116,30.490000000000002
31117,32.69
31118,30.93
31119,42.0
31120,26.52
31121,25.89
31122,22.22
31123,24.96
31124,20.77
31125,17.73
31126,24.75
31127,35.74916666666667
31128,27.79
31129,16.315
31130,17.52
31131,33.282
31132,31.409999999999997
31133,18.57
31134,27.72
31135,25.41
31136,40.022
31137,26.225
31138,25.59
31139,19.975
31140,17.43
31141,20.36
31142,28.395000000000003
31143,32.675
31144,29.15
31145,28.892000000000003
31146,25.825
31147,25.572
31148,15.39
31149,20.21
31150,16.42
31151,19.695
31152,20.54
31153,23.74
31154,38.28
31155,26.71
31156,26.236666666666668
31157,23.39
31158,20.37
31159,14.760000000000002
31160,8.24
31161,36.723333333333336
31162,29.060000000000002
31163,33.34
31164,27.759999999999998
31165,17.7
31166,25.74
31167,22.82
31168,16.65
31169,20.97
31170,29.25
31171,26.69
31172,16.505
31173,26.570000000000004
31174,16.25
31175,22.71
31176,21.175
31177,25.47
31178,24.243333333333336
31179,31.990000000000002
31180,20.45
31181,19.32
31182,16.69
31183,23.48
31184,15.34
31185,24.845
31186,11.965
31187,18.49
31188,25.52
31189,24.28
31190,31.68
31191,27.259999999999998
31192,27.270000000000003
31193,31.053333333333327
31194,28.009999999999998
31195,30.57
31196,13.915
31197,24.73
31198,14.149999999999999
31199,19.8
31200,22.13
31201,28.880000000000003
31202,32.25
31203,25.51
31204,29.43
31205,21.31
31206,39.58
31207,22.3
31208,26.54
31209,18.74
31210,22.71
31211,22.87
31212,19.59
31213,20.75
31214,18.53
31215,19.52
31216,27.11
31217,18.91
31218,24.7
31219,28.770000000000003
31220,38.375
31221,40.0
31222,33.41
31223,34.17
31224,41.18
31225,35.365
31226,27.64
31227,32.91
31228,44.302
31229,38.33
31230,44.68
31231,39.25
31232,31.67
31233,38.8
31234,33.68
31235,36.1
31236,37.81
31237,35.01
31238,34.47
31239,34.675
31240,30.729999999999997
31241,40.42
31242,33.31
31243,31.259999999999998
31244,25.03
31245,31.840000000000003
31246,36.12
31247,38.555
31248,32.51
31249,43.03
31250,33.14
31251,31.799999999999997
31252,37.02
31253,30.659999999999997
31254,34.992
31255,45.0
31256,31.92
31257,33.87
31258,30.159999999999997
31259,42.16107142857143
31260,34.33
31261,36.52
31262,34.69
31263,39.49
31264,30.18
31265,31.979999999999997
31266,61.0
31267,42.38
31268,31.85
31269,39.99
31270,40.2
31271,32.43666666666667
31272,33.29
31273,35.315
31274,25.01
31275,29.799999999999997
31276,33.02
31277,25.385
31278,34.99
31279,27.28
31280,32.31
31281,31.435000000000002
31282,37.16
31283,34.625
31284,34.92
31285,44.16
31286,56.0
31287,33.77
31288,40.49
31289,35.56
31290,31.590000000000003
31291,30.994999999999997
31292,33.935
31293,27.22533333333333
31294,36.375
31295,32.79
31296,39.18
31297,32.39
31298,33.94
31299,39.072
31300,32.51
31301,33.13
31302,33.725
31303,30.052
31304,27.96
31305,30.479999999999997
31306,26.655
31307,33.185
31308,31.354999999999997
31309,53.0
31310,27.08
31311,25.93
31312,32.94
31313,33.99
31314,34.345
31315,26.36
31316,61.0
31317,24.19
31318,40.865
31319,51.065
31320,49.575
31321,39.525
31322,50.485
31323,35.665
31324,38.665
31325,38.10333333333333
31326,37.0
31327,40.87
31328,32.17
31329,53.0
31330,43.175
31331,38.757666666666665
31332,42.86
31333,34.915
31334,36.5475
31335,26.33
31336,39.07
31337,67.0
31338,35.3875
31339,35.295
31340,37.06916666666667
31341,42.3075
31342,39.28
31343,60.0
31344,36.225
31345,38.695
31346,75.0
31347,36.0
31348,39.275
31349,41.46
31350,43.63
31351,52.0
31352,60.0
31353,36.9025
31354,31.625
31355,28.205
31356,33.505
31357,39.71
31358,68.0
31359,21.59
31360,34.14333333333334
31361,32.12
31362,37.475
31363,35.39
31364,-4.0
31365,36.2
31366,38.16916666666666
31367,41.83666666666666
31368,35.255
31369,43.715
31370,37.86
31371,40.55
31372,36.03083333333334
31373,41.45
31374,43.32
31375,28.045
31376,41.0575
31377,33.97
31378,44.02
31379,38.15547619047619
31380,43.37
31381,40.6985
31382,37.9525
31383,68.0
31384,33.87
31385,33.58
31386,36.57
31387,38.34416666666666
31388,69.0
31389,30.424999999999997
31390,79.0
31391,45.61
31392,40.9
31393,39.86
31394,32.62
31395,46.5
31396,41.87
31397,63.0
31398,46.752142857142864
31399,33.92
31400,39.18333333333334
31401,44.06
31402,33.685
31403,33.975
31404,73.0
31405,32.14333333333333
31406,12.0
31407,33.42
31408,53.0
31409,33.42
31410,46.0525
31411,38.61666666666667
31412,29.534999999999997
31413,32.575
31414,31.205
31415,43.65
31416,40.28
31417,38.46666666666666
31418,22.125
31419,26.99
31420,22.96
31421,21.96333333333333
31422,22.82
31423,23.6
31424,24.825
31425,20.13
31426,27.31809523809524
31427,35.38
31428,23.79
31429,19.55
31430,45.29547619047619
31431,30.340000000000003
31432,34.41
31433,29.705
31434,21.26
31435,26.49
31436,33.50333333333334
31437,27.525
31438,21.58
31439,20.19
31440,19.93
31441,42.82833333333334
31442,18.88333333333333
31443,31.35
31444,33.2
31445,32.975
31446,26.66
31447,29.090000000000003
31448,26.575
31449,39.93666666666666
31450,36.065
31451,31.14666666666667
31452,32.725
31453,29.6
31454,41.34
31455,22.29
31456,28.695
31457,37.63
31458,21.46
31459,28.623333333333335
31460,26.87666666666667
31461,16.54
31462,13.809999999999999
31463,41.76
31464,49.1925
31465,33.91333333333333
31466,41.35
31467,18.34
31468,24.0
31469,23.31
31470,20.62333333333333
31471,27.025
31472,19.41
31473,25.09
31474,23.77
31475,39.1
31476,38.0275
31477,41.69
31478,31.109166666666667
31479,28.86
31480,39.185
31481,25.685
31482,38.415
31483,30.64
31484,33.22333333333333
31485,18.77333333333333
31486,30.159999999999997
31487,16.81
31488,40.4
31489,39.73166666666666
31490,15.899999999999999
31491,27.9
31492,26.33
31493,23.165
31494,17.66
31495,19.55
31496,28.159999999999997
31497,22.31
31498,28.354999999999997
31499,20.21333333333333
31500,17.66
31501,28.619999999999997
31502,19.06
31503,18.525
31504,34.86
31505,20.075
31506,23.0
31507,30.244999999999997
31508,19.15
31509,24.385
31510,25.19
31511,33.03
31512,31.229999999999997
31513,28.534999999999997
31514,25.75
31515,26.77
31516,40.675
31517,43.055
31518,36.57
31519,27.115000000000002
31520,35.78
31521,44.115
31522,39.925
31523,37.685
31524,35.255
31525,29.04
31526,63.0
31527,29.759999999999998
31528,39.99833333333334
31529,72.0
31530,26.4
31531,40.805
31532,30.060000000000002
31533,31.43
31534,36.63142857142857
31535,32.2
31536,29.1
31537,38.956
31538,26.77
31539,35.32
31540,37.81
31541,36.365
31542,32.845
31543,43.5975
31544,25.616666666666664
31545,28.409999999999997
31546,43.995
31547,57.0
31548,33.6
31549,36.92
31550,36.16
31551,34.94
31552,21.265
31553,25.16
31554,37.515
31555,31.551000000000002
31556,35.88666666666666
31557,36.341
31558,36.83
31559,35.215
31560,17.57
31561,35.28
31562,33.365
31563,38.48
31564,29.466
31565,25.96
31566,36.375
31567,23.42
31568,37.155
31569,30.655
31570,43.56833333333333
31571,32.96
31572,31.197142857142858
31573,29.6
31574,26.76
31575,34.72
31576,41.69833333333334
31577,39.32416666666667
31578,40.07
31579,23.52
31580,40.87
31581,23.15
31582,36.295
31583,30.284999999999997
31584,36.82666666666666
31585,-3.0
31586,34.68
31587,19.22
31588,25.86
31589,24.42
31590,25.76
31591,29.006666666666668
31592,37.62
31593,42.786
31594,42.03
31595,36.72
31596,30.15333333333333
31597,30.380000000000003
31598,22.15
31599,26.85
31600,35.0775
31601,36.925
31602,30.310000000000002
31603,35.995
31604,40.5875
31605,20.8
31606,40.6775
31607,35.19
31608,33.81
31609,25.27
31610,30.545
31611,35.68
31612,20.06
31613,33.99
31614,28.270000000000003
31615,18.71
31616,40.12
31617,23.38
31618,18.95
31619,20.06
31620,31.450000000000003
31621,27.229999999999997
31622,29.045
31623,25.62
31624,29.479999999999997
31625,29.181999999999995
31626,17.48
31627,32.51
31628,24.236666666666665
31629,25.625
31630,25.95
31631,28.189999999999998
31632,26.49
31633,19.76
31634,28.049999999999997
31635,37.215
31636,26.17
31637,21.52
31638,32.02
31639,23.19
31640,25.8
31641,17.68
31642,32.58
31643,23.86
31644,26.85
31645,26.51
31646,21.875
31647,20.26
31648,21.57
31649,31.560000000000002
31650,35.96166666666667
31651,17.0
31652,19.14
31653,31.32
31654,41.0
31655,27.700000000000003
31656,21.93
31657,28.763333333333335
31658,34.70666666666667
31659,20.13
31660,15.120000000000001
31661,22.555
31662,22.72
31663,30.298333333333332
31664,39.72
31665,29.630000000000003
31666,35.528333333333336
31667,31.259999999999998
31668,24.1
31669,16.18
31670,26.36
31671,24.45
31672,34.38
31673,15.629999999999999
31674,31.57
31675,20.87
31676,27.07
31677,16.38
31678,38.09
31679,34.708333333333336
31680,25.45666666666667
31681,26.77
31682,25.345
31683,23.4
31684,28.4
31685,25.72
31686,30.54
31687,27.515
31688,20.74
31689,33.0
31690,19.04
31691,34.595
31692,20.41
31693,24.59
31694,21.259999999999994
31695,27.915
31696,31.53
31697,24.67
31698,20.53
31699,35.14
31700,30.39
31701,34.385
31702,17.21
31703,32.61666666666667
31704,33.7
31705,18.75
31706,22.62
31707,12.899999999999999
31708,23.675
31709,18.57
31710,23.33
31711,30.42
31712,34.47
31713,21.3
31714,31.445
31715,35.37
31716,41.37
31717,30.0
31718,11.739999999999998
31719,22.66
31720,17.36
31721,21.31666666666667
31722,34.0675
31723,53.0
31724,31.240000000000002
31725,37.305
31726,27.93
31727,46.28
31728,15.690000000000001
31729,16.495
31730,37.52
31731,5.6
31732,21.99
31733,28.240000000000002
31734,23.29
31735,28.939999999999998
31736,-3.0
31737,18.28
31738,25.385
31739,51.0
31740,12.190000000000001
31741,23.32
31742,25.47
31743,0.9299999999999997
31744,24.38
31745,55.9725
31746,28.555
31747,36.09
31748,31.130000000000003
31749,14.386666666666667
31750,30.64666666666667
31751,24.27
31752,36.12
31753,34.03
31754,29.244999999999997
31755,22.45
31756,42.54
31757,19.22
31758,29.875
31759,39.705
31760,17.35
31761,25.18
31762,34.23
31763,23.87
31764,37.81
31765,25.255
31766,27.215000000000003
31767,31.64
31768,29.64
31769,35.13
31770,51.79
31771,37.4
31772,26.973333333333336
31773,23.36
31774,38.24
31775,31.685000000000002
31776,20.61
31777,23.85
31778,22.85
31779,23.19
31780,23.46
31781,39.61
31782,27.369999999999997
31783,19.21
31784,27.564999999999998
31785,46.81
31786,56.0
31787,72.0
31788,26.98
31789,39.89
31790,64.0
31791,40.3125
31792,27.020000000000003
31793,28.520000000000003
31794,43.15
31795,18.5
31796,34.875
31797,39.61
31798,31.803333333333335
31799,25.84
31800,32.27
31801,19.31
31802,39.37
31803,-4.0
31804,29.79
31805,50.0
31806,18.605
31807,23.57
31808,32.145
31809,28.205
31810,29.990000000000002
31811,28.945
31812,50.94
31813,39.15916666666667
31814,13.739999999999998
31815,34.085
31816,25.26
31817,34.145
31818,42.0
31819,42.02
31820,14.559999999999999
31821,13.7
31822,35.035
31823,23.78
31824,20.595
31825,28.766666666666673
31826,12.809999999999999
31827,29.15
31828,19.86
31829,11.66
31830,8.32
31831,34.615
31832,33.71
31833,33.125
31834,10.73
31835,18.96
31836,42.17
31837,32.3425
31838,14.193333333333332
31839,56.0
31840,57.0
31841,36.29
31842,29.384999999999998
31843,21.17
31844,34.34333333333333
31845,31.93
31846,29.689999999999998
31847,25.1
31848,30.229999999999997
31849,26.665
31850,26.78
31851,50.0
31852,40.47
31853,17.32
31854,11.05
31855,21.02
31856,26.53142857142857
31857,56.0
31858,39.935
31859,36.57666666666666
31860,29.316666666666663
31861,15.10666666666667
31862,27.196666666666673
31863,34.34333333333333
31864,29.835
31865,22.3
31866,16.12
31867,18.08
31868,29.630000000000003
31869,29.65
31870,15.780000000000001
31871,31.314999999999998
31872,18.64
31873,23.32
31874,39.715
31875,24.16
31876,21.66
31877,27.68
31878,21.85166666666667
31879,26.33666666666667
31880,28.950000000000003
31881,27.28
31882,21.61
31883,16.35
31884,29.165
31885,22.29
31886,22.595
31887,20.78
31888,23.4
31889,32.355
31890,16.886666666666667
31891,21.77
31892,27.740000000000002
31893,17.03
31894,22.89
31895,20.116666666666664
31896,24.87
31897,14.329999999999998
31898,22.71
31899,22.17333333333333
31900,29.03666666666666
31901,36.05
31902,30.511666666666663
31903,30.735
31904,34.73466666666667
31905,23.15
31906,23.28
31907,23.85666666666667
31908,23.78
31909,32.86666666666667
31910,18.68666666666667
31911,28.29
31912,18.865
31913,24.598333333333336
31914,10.65
31915,24.085
31916,21.42
31917,24.67
31918,29.775
31919,21.3
31920,18.05
31921,25.695
31922,29.189999999999998
31923,20.15
31924,31.380000000000003
31925,30.96
31926,37.31
31927,29.806666666666672
31928,23.64
31929,18.7
31930,21.87
31931,15.809999999999999
31932,30.17
31933,29.845
31934,19.35
31935,20.536666666666665
31936,15.149999999999999
31937,23.47
31938,28.799999999999997
31939,24.47
31940,8.52
31941,16.77
31942,14.850000000000001
31943,34.505
31944,27.905
31945,42.77
31946,39.465
31947,24.86
31948,31.729999999999997
31949,14.66
31950,17.4
31951,26.79
31952,40.26
31953,26.01333333333333
31954,28.854999999999997
31955,29.200000000000003
31956,8.663333333333334
31957,35.19
31958,35.82833333333333
31959,21.21333333333333
31960,28.071666666666673
31961,38.32
31962,31.75
31963,33.305
31964,21.99
31965,26.50809523809524
31966,36.26714285714287
31967,51.0
31968,46.04666666666666
31969,33.33
31970,37.127142857142864
31971,40.87
31972,37.82
31973,34.5
31974,31.590000000000003
31975,40.33
31976,41.71
31977,31.259999999999998
31978,17.99
31979,28.759999999999998
31980,36.71166666666666
31981,25.09
31982,46.493
31983,38.86071428571429
31984,32.04
31985,34.44
31986,26.52333333333333
31987,30.645000000000003
31988,27.685000000000002
31989,28.68
31990,32.36
31991,33.0
31992,24.89
31993,31.8435
31994,37.79
31995,35.22
31996,33.055
31997,28.695
31998,36.3
31999,34.12
32000,27.765
32001,27.07
32002,26.68
32003,41.2975
32004,35.11
32005,25.49
32006,25.115
32007,35.79
32008,34.16833333333333
32009,32.285
32010,37.84
32011,36.29666666666667
32012,32.32714285714286
32013,37.805
32014,40.41
32015,42.13
32016,34.52666666666666
32017,31.085
32018,25.74
32019,35.965
32020,36.24
32021,40.91
32022,37.9075
32023,25.39
32024,36.506
32025,37.07
32026,33.9
32027,38.3715
32028,27.715000000000003
32029,34.45333333333333
32030,36.66
32031,45.45166666666667
32032,38.04333333333334
32033,41.21333333333334
32034,32.47
32035,23.383333333333336
32036,25.88666666666667
32037,25.72
32038,36.605
32039,35.54
32040,41.41
32041,29.07
32042,29.775
32043,44.94
32044,31.055
32045,43.08
32046,38.995
32047,25.506
32048,41.511
32049,38.25
32050,39.09
32051,30.92
32052,25.87
32053,36.44
32054,40.23
32055,40.3
32056,37.775
32057,30.869999999999997
32058,37.5525
32059,31.72
32060,37.55
32061,34.02
32062,32.69
32063,44.46666666666666
32064,74.0
32065,33.27
32066,34.875
32067,31.07
32068,69.0
32069,26.31
32070,27.61
32071,47.405
32072,27.979999999999997
32073,71.0
32074,41.82
32075,45.0
32076,38.845
32077,39.505
32078,42.18
32079,27.15
32080,53.615
32081,52.45
32082,34.42
32083,49.5175
32084,49.375
32085,35.635
32086,42.43
32087,49.9025
32088,49.145
32089,60.0
32090,36.86
32091,40.435
32092,48.32333333333333
32093,38.18
32094,44.185
32095,40.05
32096,43.26
32097,40.4
32098,37.81
32099,33.545
32100,34.295
32101,42.77
32102,36.7325
32103,38.0
32104,34.945
32105,34.72
32106,40.63
32107,39.59
32108,40.06
32109,45.11
32110,41.82
32111,40.855
32112,46.445
32113,31.32
32114,36.6
32115,43.33
32116,56.0
32117,52.27
32118,63.0
32119,36.805
32120,42.105
32121,37.91
32122,42.885
32123,25.8
32124,48.31
32125,41.5
32126,42.38
32127,40.23
32128,38.95
32129,65.0
32130,43.0
32131,36.46
32132,30.75
32133,29.509999999999998
32134,27.39
32135,34.031666666666666
32136,34.19
32137,32.0
32138,28.705
32139,28.060000000000002
32140,39.825
32141,37.355
32142,43.11
32143,34.83
32144,34.85
32145,32.3575
32146,42.646
32147,31.240000000000002
32148,42.505
32149,22.98
32150,31.493333333333332
32151,40.835
32152,41.93
32153,33.025
32154,32.77
32155,25.96
32156,44.2525
32157,32.095
32158,31.04
32159,39.41
32160,41.9
32161,13.0
32162,38.63
32163,27.0
32164,40.31
32165,24.0
32166,38.67
32167,40.79
32168,34.98
32169,40.885
32170,38.41
32171,34.048
32172,29.86
32173,32.0
32174,30.700000000000003
32175,45.59
32176,35.0675
32177,30.240000000000002
32178,23.0
32179,38.62
32180,51.65
32181,48.37
32182,39.0875
32183,43.785
32184,33.405
32185,37.93
32186,41.48
32187,36.015
32188,33.65
32189,33.31
32190,37.95
32191,49.92
32192,34.84
32193,42.02
32194,34.64
32195,32.755
32196,43.68
32197,33.0
32198,41.315
32199,41.74
32200,37.535
32201,32.14
32202,47.61
32203,40.41
32204,28.22
32205,47.49
32206,41.36
32207,52.0
32208,33.3975
32209,38.15
32210,43.31833333333333
32211,38.97
32212,35.095
32213,42.84
32214,36.125
32215,45.58
32216,42.76
32217,44.095
32218,38.25
32219,36.53
32220,43.17
32221,46.695
32222,45.78
32223,36.67
32224,38.48
32225,33.0
32226,45.07
32227,28.630000000000003
32228,34.68333333333333
32229,27.729999999999997
32230,29.79
32231,26.68
32232,26.46
32233,31.08
32234,41.345
32235,25.64
32236,39.625
32237,28.549999999999997
32238,32.97
32239,56.0
32240,37.63666666666666
32241,28.200000000000003
32242,44.64
32243,45.49
32244,42.5
32245,35.7025
32246,28.235999999999997
32247,22.655
32248,50.0
32249,34.5825
32250,34.78
32251,39.9
32252,41.1625
32253,43.555
32254,31.14
32255,34.875
32256,36.945
32257,49.81
32258,59.0
32259,27.42
32260,30.21
32261,39.21
32262,40.9
32263,46.22
32264,25.956666666666663
32265,32.581
32266,32.193333333333335
32267,37.6
32268,38.84
32269,39.37
32270,35.81
32271,2.0
32272,38.31333333333333
32273,35.995
32274,28.60666666666667
32275,35.33
32276,38.69
32277,26.696666666666665
32278,40.925
32279,38.425
32280,31.560000000000002
32281,32.185
32282,43.02
32283,38.47
32284,22.97
32285,39.4
32286,42.505
32287,-3.0
32288,41.295
32289,47.805
32290,38.27
32291,44.69
32292,33.495
32293,67.0
32294,52.0
32295,28.509999999999998
32296,34.865
32297,36.67
32298,46.7475
32299,26.58
32300,33.525
32301,37.23333333333333
32302,33.21
32303,50.14
32304,37.665
32305,47.99
32306,32.425
32307,41.56
32308,39.885
32309,43.985
32310,33.6
32311,-1.0
32312,33.065
32313,31.575000000000003
32314,34.555
32315,67.0
32316,38.43
32317,42.17833333333334
32318,36.17333333333334
32319,29.299999999999997
32320,35.49547619047619
32321,35.815
32322,24.33
32323,34.06666666666667
32324,43.1925
32325,30.490000000000002
32326,21.77
32327,20.77
32328,26.45
32329,20.52
32330,28.14
32331,26.84
32332,17.08
32333,26.245
32334,32.99
32335,17.305
32336,26.605
32337,18.65
32338,23.12
32339,23.31
32340,25.2
32341,20.82
32342,11.510000000000002
32343,31.248333333333335
32344,22.31
32345,20.355
32346,31.09833333333333
32347,33.41666666666666
32348,31.82
32349,27.740000000000002
32350,33.62
32351,18.03
32352,28.64
32353,25.42
32354,28.43
32355,34.97166666666667
32356,18.49
32357,19.69
32358,31.700000000000003
32359,19.33
32360,30.51166666666667
32361,13.575
32362,31.799999999999997
32363,16.39
32364,31.75
32365,32.43833333333333
32366,8.31
32367,16.885
32368,30.11
32369,22.86
32370,20.86
32371,21.58
32372,27.759999999999998
32373,17.69
32374,25.2
32375,27.03
32376,16.49666666666667
32377,55.0
32378,27.520000000000003
32379,24.78
32380,25.3
32381,22.84
32382,22.35
32383,30.759999999999998
32384,19.31
32385,34.595
32386,15.715
32387,16.855
32388,38.95
32389,25.19
32390,31.299999999999997
32391,21.845
32392,33.1
32393,24.97
32394,17.83
32395,27.04
32396,26.745
32397,30.509999999999998
32398,29.61
32399,12.190000000000001
32400,26.125
32401,27.915
32402,33.02
32403,17.96
32404,39.01
32405,20.085
32406,24.52
32407,15.600000000000001
32408,5.59
32409,66.0
32410,48.91
32411,40.08
32412,36.16
32413,53.1
32414,42.94
32415,55.0
32416,54.0
32417,41.22
32418,48.71
32419,49.035
32420,46.77
32421,45.16
32422,43.595
32423,72.0
32424,71.0
32425,39.48
32426,24.01
32427,47.21
32428,48.795
32429,39.36
32430,47.525
32431,47.37
32432,44.31
32433,36.0
32434,42.32
32435,48.2625
32436,48.84
32437,41.61
32438,37.93
32439,41.37666666666667
32440,52.21666666666667
32441,41.81
32442,45.2
32443,58.0
32444,32.545
32445,41.46
32446,37.83
32447,37.21
32448,40.63
32449,40.3
32450,51.29
32451,46.03
32452,45.935
32453,39.86
32454,44.0
32455,42.755
32456,48.85
32457,32.46
32458,40.18
32459,65.0
32460,48.515
32461,78.0
32462,54.415
32463,45.75
32464,27.369999999999997
32465,51.54
32466,40.75
32467,49.2875
32468,35.9
32469,39.59
32470,62.0
32471,37.2175
32472,43.78
32473,31.299999999999997
32474,46.675714285714285
32475,39.48
32476,42.81
32477,39.42
32478,50.395
32479,26.39
32480,38.945
32481,38.635
32482,34.96
32483,34.0
32484,24.28
32485,53.0
32486,31.840000000000003
32487,47.82
32488,51.0
32489,26.78
32490,35.4125
32491,41.185
32492,48.86333333333333
32493,47.0
32494,42.22
32495,33.59
32496,38.955
32497,36.571000000000005
32498,36.07
32499,38.19
32500,44.98
32501,40.94333333333333
32502,34.41
32503,68.0
32504,45.59
32505,29.799999999999997
32506,33.08
32507,46.79
32508,38.515
32509,40.69
32510,41.615
32511,42.375
32512,32.55
32513,37.76333333333333
32514,35.12
32515,38.166
32516,36.62
32517,27.979999999999997
32518,35.83
32519,42.955
32520,64.0
32521,36.09
32522,41.255
32523,34.29
32524,31.6075
32525,39.56
32526,46.1
32527,45.9
32528,39.14
32529,41.492
32530,71.0
32531,29.85
32532,28.770000000000003
32533,15.10666666666667
32534,24.78
32535,28.700000000000003
32536,32.46
32537,33.965
32538,23.93
32539,42.205
32540,38.45
32541,31.854999999999997
32542,32.94
32543,27.72
32544,40.26
32545,62.0
32546,35.74
32547,35.555
32548,25.18
32549,33.68
32550,32.415
32551,-3.0
32552,9.1
32553,33.105
32554,34.74666666666666
32555,35.06
32556,51.565
32557,22.635
32558,45.27
32559,36.83
32560,28.270000000000003
32561,39.815
32562,34.031666666666666
32563,50.9425
32564,36.295
32565,25.27
32566,35.3
32567,40.03
32568,36.69
32569,35.365
32570,40.14
32571,40.0
32572,36.37
32573,17.56
32574,36.235
32575,29.46
32576,21.645
32577,42.56
32578,30.560000000000002
32579,44.215
32580,38.15916666666666
32581,29.689999999999998
32582,31.759999999999998
32583,27.35
32584,30.775
32585,28.590000000000003
32586,22.5
32587,21.37
32588,19.455
32589,18.68
32590,8.635
32591,11.879999999999999
32592,31.009999999999998
32593,25.29
32594,25.825
32595,24.08
32596,18.97
32597,23.61
32598,32.19
32599,23.39
32600,26.422
32601,23.256666666666664
32602,31.71
32603,29.61
32604,22.63
32605,20.88
32606,19.53
32607,27.5
32608,25.53
32609,18.91
32610,23.975
32611,24.83
32612,28.46
32613,23.665
32614,21.236666666666665
32615,19.291666666666664
32616,22.35
32617,25.925
32618,26.865
32619,22.26
32620,19.72
32621,21.03
32622,18.02
32623,12.120000000000001
32624,19.14
32625,24.1
32626,20.68
32627,25.12
32628,25.22
32629,21.56
32630,20.54
32631,18.97
32632,28.001999999999995
32633,29.564999999999998
32634,29.009999999999998
32635,20.7
32636,19.942
32637,17.14
32638,27.92
32639,20.94
32640,25.366666666666664
32641,21.64
32642,27.89
32643,23.88
32644,20.38
32645,24.075
32646,24.68
32647,20.5
32648,25.39
32649,22.05
32650,26.25
32651,12.989999999999998
32652,35.89
32653,31.29
32654,30.909999999999997
32655,20.23
32656,30.42
32657,25.04
32658,22.84
32659,31.136666666666663
32660,16.17
32661,29.520000000000003
32662,22.68
32663,23.25
32664,21.54
32665,29.33
32666,35.672
32667,21.45
32668,21.29
32669,24.46
32670,25.4
32671,20.97
32672,20.57
32673,22.82
32674,29.79
32675,30.03
32676,31.08
32677,29.909999999999997
32678,42.361
32679,27.090000000000003
32680,31.93
32681,29.939999999999998
32682,33.49
32683,38.67
32684,32.64
32685,31.950000000000003
32686,33.46
32687,46.915
32688,37.18
32689,32.27
32690,38.485
32691,35.17
32692,26.85
32693,37.54
32694,34.47
32695,29.18
32696,45.445
32697,50.586000000000006
32698,38.74
32699,33.685
32700,38.39
32701,47.126000000000005
32702,36.18
32703,32.91
32704,38.38
32705,33.97
32706,32.67
32707,36.27
32708,35.36
32709,33.71
32710,35.02
32711,42.15
32712,40.66
32713,51.04
32714,48.67
32715,48.79
32716,32.00571428571429
32717,43.845
32718,33.635
32719,50.005
32720,30.92
32721,41.0
32722,33.03
32723,39.47
32724,31.21
32725,30.845
32726,31.4
32727,33.73
32728,29.5
32729,36.98
32730,28.79
32731,19.456
32732,31.17
32733,20.33
32734,31.32
32735,39.09
32736,34.18
32737,35.815
32738,29.14
32739,22.05
32740,26.4
32741,40.87
32742,35.83
32743,31.82
32744,47.356
32745,47.06
32746,47.206
32747,45.125
32748,38.6175
32749,45.4
32750,40.03
32751,33.74
32752,23.08
32753,49.415
32754,54.41
32755,42.82833333333334
32756,35.745
32757,40.67
32758,68.0
32759,62.0
32760,60.0
32761,30.83
32762,26.835
32763,19.53
32764,30.884999999999998
32765,35.81
32766,36.31
32767,30.435000000000002
32768,31.924999999999997
32769,31.770000000000003
32770,34.565
32771,19.415
32772,33.73
32773,28.295
32774,39.34928571428571
32775,31.590000000000003
32776,45.31333333333333
32777,32.74
32778,33.5
32779,37.785
32780,22.27666666666667
32781,37.25583333333334
32782,35.43
32783,39.355
32784,27.19833333333333
32785,33.175
32786,35.585
32787,42.62
32788,32.33714285714286
32789,33.78
32790,38.44
32791,39.699
32792,31.200000000000003
32793,36.615
32794,36.55333333333334
32795,31.505000000000003
32796,29.125
32797,21.38
32798,62.0
32799,12.7
32800,30.229999999999997
32801,16.95
32802,44.39
32803,32.97666666666667
32804,42.98
32805,17.01
32806,39.4325
32807,16.92666666666667
32808,49.0
32809,38.1
32810,18.18
32811,33.425
32812,27.83
32813,44.85416666666667
32814,35.3
32815,39.11
32816,18.3
32817,23.7
32818,37.72
32819,27.803333333333335
32820,36.09714285714286
32821,30.415
32822,26.48
32823,22.18
32824,72.0
32825,37.93
32826,33.65714285714286
32827,30.25
32828,33.15
32829,27.939999999999998
32830,39.655
32831,9.77
32832,21.41
