ID,track_popularity
26266,36.97
26267,34.46
26268,33.57
26269,31.2
26270,29.64
26271,30.355
26272,30.63
26273,36.93
26274,32.3
26275,33.295
26276,34.405
26277,32.82
26278,40.57
26279,31.87
26280,36.67
26281,29.63
26282,31.29
26283,47.47
26284,38.4
26285,33.33
26286,30.81
26287,34.4
26288,32.945
26289,32.17
26290,39.055
26291,36.45
26292,30.07
26293,30.78
26294,37.37
26295,41.895
26296,35.21
26297,37.47
26298,32.76
26299,34.31
26300,45.675
26301,39.16
26302,33.9
26303,34.68
26304,38.17
26305,34.605
26306,34.16
26307,32.22666666666667
26308,35.29
26309,44.485
26310,28.41
26311,40.84
26312,32.86
26313,36.15
26314,43.9725
26315,29.86
26316,37.245
26317,32.22
26318,13.11
26319,43.395
26320,25.245
26321,37.17
26322,36.4
26323,35.415
26324,40.45
26325,33.735
26326,29.25666666666667
26327,31.77
26328,25.06
26329,29.235
26330,30.3
26331,29.675
26332,34.343333333333334
26333,35.06
26334,26.66
26335,32.305
26336,36.92
26337,36.72
26338,41.35
26339,34.895
26340,37.84
26341,40.54
26342,25.47
26343,42.535
26344,34.25
26345,42.11
26346,44.96666666666666
26347,40.97
26348,40.435
26349,39.855
26350,40.69
26351,28.86
26352,31.265
26353,40.135
26354,26.91
26355,31.53
26356,30.19
26357,29.455
26358,33.86
26359,38.555
26360,33.97
26361,18.94
26362,38.05
26363,36.913333333333334
26364,38.85
26365,38.13
26366,43.505
26367,57.03
26368,49.0
26369,42.42
26370,30.225
26371,52.39
26372,37.6
26373,45.81
26374,41.33
26375,37.2
26376,45.54
26377,41.995
26378,37.53
26379,46.13
26380,30.5
26381,42.42
26382,27.32
26383,34.76
26384,40.05
26385,30.99
26386,44.21
26387,50.0
26388,48.18333333333333
26389,46.53
26390,39.385
26391,26.26
26392,22.38
26393,29.0
26394,35.11
26395,44.5
26396,39.6475
26397,54.095
26398,46.695
26399,53.17
26400,42.38
26401,33.89
26402,39.23
26403,25.83
26404,25.845
26405,24.88
26406,45.62
26407,25.453333333333333
26408,31.74
26409,39.99
26410,32.24
26411,40.33
26412,42.596666666666664
26413,31.145
26414,42.04
26415,38.535
26416,45.57
26417,59.06
26418,46.77
26419,44.165
26420,67.0
26421,41.72
26422,37.045
26423,36.7
26424,40.185
26425,43.63
26426,38.61
26427,36.88
26428,39.77
26429,41.21666666666667
26430,56.01
26431,44.04
26432,51.23
26433,43.69
26434,43.785
26435,48.07
26436,41.25666666666667
26437,43.75
26438,26.78
26439,45.9
26440,1.0
26441,34.425
26442,45.33
26443,40.34
26444,48.87
26445,41.825
26446,50.99
26447,25.16
26448,41.34
26449,48.54
26450,44.28
26451,31.31
26452,20.705
26453,38.625
26454,28.32
26455,35.295
26456,36.075
26457,33.225
26458,27.6
26459,25.22
26460,23.015
26461,34.4
26462,23.87
26463,27.52
26464,25.715
26465,28.63
26466,22.61
26467,29.95
26468,24.53
26469,23.42
26470,22.78
26471,33.57
26472,31.72
26473,32.51
26474,26.24
26475,27.89
26476,34.805
26477,37.315
26478,31.746666666666666
26479,38.47
26480,26.555
26481,26.25
26482,15.96
26483,33.05
26484,27.98
26485,31.715
26486,26.81
26487,27.8
26488,25.783333333333335
26489,21.76
26490,29.32
26491,31.643333333333334
26492,23.335
26493,29.985
26494,26.826666666666664
26495,34.825
26496,25.7
26497,32.765
26498,28.548333333333336
26499,23.92
26500,20.6
26501,37.02
26502,34.11
26503,23.997142857142858
26504,31.98
26505,23.185
26506,27.435
26507,16.545
26508,26.285
26509,36.48
26510,34.97
26511,22.78
26512,33.51
26513,28.32
26514,35.52
26515,32.18
26516,30.14
26517,31.13
26518,30.635
26519,27.96
26520,31.41
26521,36.85166666666667
26522,39.72
26523,27.4
26524,28.015
26525,35.775
26526,34.675
26527,22.425
26528,33.0
26529,28.35
26530,29.21
26531,26.87
26532,27.628333333333334
26533,25.77
26534,25.75
26535,26.91
26536,32.83
26537,28.51
26538,34.83
26539,30.97
26540,23.68
26541,27.67
26542,36.205
26543,35.085
26544,35.21
26545,37.03
26546,31.87
26547,26.61
26548,21.385
26549,26.09
26550,23.53
26551,42.04
26552,30.2
26553,33.38
26554,30.845
26555,32.365
26556,53.01
26557,29.72
26558,24.575
26559,42.42
26560,24.21
26561,33.455
26562,30.63
26563,9.06
26564,37.06
26565,19.19
26566,34.98
26567,29.3
26568,30.96
26569,34.505
26570,32.95
26571,36.47
26572,11.94
26573,24.63
26574,23.745
26575,28.71
26576,30.15
26577,20.99
26578,33.2
26579,37.64
26580,27.35
26581,45.75
26582,18.46
26583,11.85
26584,37.02
26585,40.42
26586,51.12666666666667
26587,27.54
26588,37.34
26589,12.28
26590,30.41
26591,29.276666666666664
26592,29.27
26593,65.0
26594,25.52
26595,63.845
26596,47.3
26597,32.45
26598,47.23
26599,43.31
26600,45.92
26601,36.04
26602,50.95
26603,31.25333333333333
26604,29.4
26605,32.27
26606,36.23
26607,34.333333333333336
26608,41.815
26609,36.84
26610,41.39
26611,39.87
26612,28.94
26613,51.86
26614,58.065
26615,45.44333333333334
26616,36.315
26617,49.68
26618,56.99
26619,45.04
26620,42.29
26621,48.735
26622,16.96
26623,35.92
26624,50.0
26625,27.755
26626,28.55
26627,21.04
26628,19.21333333333333
26629,22.37
26630,33.785
26631,14.92
26632,31.585
26633,8.0
26634,29.45
26635,34.88
26636,24.24
26637,36.01
26638,32.23
26639,34.62
26640,31.63
26641,32.98
26642,33.97
26643,26.81
26644,32.52
26645,1.0
26646,35.54
26647,26.638333333333332
26648,27.765
26649,26.28
26650,36.26
26651,27.85
26652,30.21
26653,32.45
26654,41.965
26655,44.67
26656,36.58
26657,33.11
26658,39.51
26659,27.68
26660,37.43
26661,28.02
26662,29.175
26663,58.0
26664,33.84
26665,32.12
26666,29.65
26667,23.14
26668,22.905
26669,28.09
26670,23.09
26671,35.83
26672,34.01666666666667
26673,42.65
26674,38.28
26675,29.44
26676,39.99
26677,39.42
26678,37.085
26679,25.41
26680,28.53
26681,36.34
26682,38.815
26683,30.04
26684,9.68
26685,30.4
26686,15.6
26687,44.115
26688,47.28
26689,43.62
26690,31.005
26691,39.32333333333334
26692,29.86
26693,43.945
26694,30.475
26695,19.62
26696,46.06
26697,42.9775
26698,29.516666666666666
26699,31.965
26700,31.1
26701,34.785
26702,44.91
26703,52.42
26704,38.09
26705,39.75
26706,45.39
26707,44.21
26708,32.71
26709,38.09
26710,34.76
26711,33.655
26712,34.54
26713,18.745
26714,29.41
26715,45.315
26716,27.14
26717,44.91
26718,39.395
26719,36.555
26720,33.98
26721,39.04
26722,32.74
26723,46.19
26724,38.4
26725,22.39
26726,31.97
26727,33.02
26728,25.79
26729,25.16
26730,33.27
26731,42.6
26732,36.845
26733,39.645
26734,28.18
26735,36.41
26736,44.185
26737,27.425
26738,43.695
26739,39.07
26740,25.31
26741,47.15
26742,31.625
26743,31.02
26744,34.15
26745,29.5
26746,35.72
26747,33.0
26748,30.1
26749,41.41
26750,33.84
26751,42.87
26752,51.25
26753,38.19
26754,42.0275
26755,26.615
26756,37.595
26757,27.82
26758,24.05
26759,34.88
26760,25.7
26761,42.985
26762,47.2
26763,33.03
26764,51.985
26765,52.94
26766,30.67
26767,25.98
26768,26.45
26769,36.305
26770,37.16
26771,44.94333333333334
26772,46.66
26773,47.23333333333334
26774,29.84
26775,18.77
26776,51.24
26777,31.835
26778,39.76
26779,49.24
26780,27.58
26781,19.08
26782,51.24
26783,35.43
26784,27.045
26785,28.48
26786,14.36
26787,34.95
26788,34.04
26789,36.05
26790,23.85
26791,25.08
26792,33.1175
26793,25.99
26794,44.98
26795,43.92
26796,32.57
26797,35.66
26798,42.36
26799,49.745
26800,48.575
26801,44.38
26802,29.835
26803,30.65
26804,51.105
26805,46.57
26806,44.64
26807,62.21
26808,44.95
26809,32.055
26810,44.01
26811,45.99
26812,39.485
26813,45.5
26814,44.88
26815,50.3625
26816,46.15
26817,75.0
26818,38.62
26819,40.345
26820,32.57
26821,28.68
26822,43.85
26823,38.57
26824,69.0
26825,34.075
26826,34.82
26827,66.0
26828,33.0
26829,45.44
26830,27.955
26831,50.54
26832,40.44
26833,47.21166666666667
26834,42.10933333333333
26835,36.53
26836,47.245
26837,64.0
26838,49.6
26839,18.13
26840,30.57
26841,41.02
26842,45.71333333333333
26843,34.858333333333334
26844,41.33
26845,32.89
26846,42.64
26847,25.78
26848,42.715
26849,44.835
26850,48.15
26851,30.19
26852,40.67999999999999
26853,50.20166666666666
26854,79.0
26855,50.0
26856,46.49
26857,56.445
26858,40.405
26859,35.04
26860,46.32
26861,41.46
26862,38.95
26863,39.12
26864,42.09
26865,41.29
26866,43.71
26867,42.73
26868,51.92
26869,43.915
26870,58.72
26871,51.97
26872,52.32666666666666
26873,30.59
26874,39.513333333333335
26875,46.84
26876,45.455
26877,55.325
26878,67.0
26879,43.68
26880,55.0
26881,50.99
26882,53.83
26883,40.92
26884,49.06
26885,35.63
26886,42.57333333333333
26887,42.54
26888,58.0
26889,50.3375
26890,34.16
26891,41.31
26892,51.91333333333333
26893,39.6
26894,42.7
26895,52.48
26896,51.57
26897,59.0
26898,40.76
26899,54.01666666666667
26900,58.405
26901,47.34
26902,51.58
26903,40.93
26904,40.69
26905,52.56
26906,57.685
26907,44.73
26908,54.87
26909,53.885
26910,37.055
26911,56.975
26912,44.725
26913,47.36
26914,45.86
26915,44.95
26916,45.69
26917,72.0
26918,49.78
26919,46.08
26920,42.085
26921,50.03
26922,37.65
26923,41.68
26924,41.155
26925,50.12
26926,41.08
26927,38.58
26928,48.43
26929,42.3775
26930,42.3
26931,40.305
26932,43.31
26933,34.0325
26934,44.41
26935,38.42
26936,42.57
26937,44.85
26938,45.38
26939,34.02
26940,47.21
26941,42.37
26942,39.415
26943,41.75
26944,57.65
26945,57.64
26946,46.525
26947,33.97
26948,33.91
26949,36.735
26950,31.795
26951,33.24
26952,44.45
26953,41.84
26954,39.6
26955,41.43
26956,44.09
26957,40.515
26958,46.75
26959,33.55
26960,48.34
26961,39.31
26962,46.22
26963,41.62
26964,44.83
26965,41.395
26966,38.53
26967,48.06
26968,36.68
26969,49.015
26970,36.55
26971,38.53
26972,43.665
26973,36.095
26974,46.1
26975,31.34
26976,39.525
26977,38.98
26978,40.985
26979,42.99
26980,38.45
26981,34.285
26982,44.83
26983,55.54
26984,39.685
26985,51.17
26986,41.1125
26987,45.33
26988,42.23
26989,43.5
26990,53.21
26991,39.905
26992,53.91
26993,36.33
26994,38.16
26995,40.43
26996,49.78
26997,44.125
26998,42.925
26999,39.89
27000,48.52
27001,39.55
27002,49.61166666666667
27003,47.43
27004,41.855
27005,46.11
27006,34.025
27007,27.653333333333336
27008,36.735
27009,44.37
27010,30.815
27011,42.9
27012,52.58
27013,34.22
27014,39.475
27015,35.99
27016,34.8625
27017,35.31
27018,37.52
27019,32.04
27020,47.17
27021,36.435
27022,38.49
27023,38.38
27024,37.645
27025,38.4
27026,28.58
27027,45.295
27028,43.735
27029,43.41
27030,44.63
27031,33.79
27032,19.4
27033,39.59
27034,47.61
27035,40.84
27036,42.82
27037,44.1
27038,48.1
27039,46.06
27040,46.965
27041,43.49
27042,43.53
27043,24.27
27044,33.461666666666666
27045,46.54
27046,45.96
27047,43.85
27048,40.84
27049,41.325
27050,57.03666666666666
27051,33.895
27052,46.35
27053,48.715
27054,37.64
27055,37.85
27056,43.3
27057,45.09
27058,23.795
27059,37.2
27060,46.53
27061,41.23
27062,45.0
27063,42.1
27064,43.48
27065,36.01
27066,33.57
27067,46.05
27068,50.61
27069,44.0
27070,45.18
27071,31.64
27072,43.1
27073,44.29666666666667
27074,40.28
27075,45.43
27076,48.04
27077,39.54
27078,45.385
27079,43.03
27080,31.44
27081,35.39
27082,43.725
27083,55.83
27084,44.78
27085,44.76
27086,45.73
27087,47.64
27088,45.10666666666666
27089,33.57
27090,33.22
27091,45.52
27092,44.45
27093,46.52
27094,51.45
27095,44.565
27096,47.29
27097,38.29
27098,48.34
27099,52.135
27100,46.26
27101,45.255
27102,45.815
27103,41.735
27104,43.935
27105,51.33
27106,30.45
27107,43.62
27108,39.06
27109,40.555
27110,28.18666666666667
27111,44.0525
27112,43.89
27113,40.04
27114,47.88
27115,33.885
27116,41.6425
27117,41.176
27118,44.74
27119,37.245
27120,40.403333333333336
27121,46.58
27122,43.81
27123,35.44
27124,36.2
27125,32.97
27126,44.55
27127,41.94
27128,43.13
27129,34.12
27130,42.51
27131,45.03
27132,36.875
27133,29.605
27134,49.12
27135,40.72
27136,41.965
27137,38.135
27138,30.04
27139,36.24
27140,43.84
27141,41.135
27142,31.87
27143,50.13
27144,45.61666666666666
27145,26.57
27146,30.15
27147,45.02333333333334
27148,22.465
27149,49.49
27150,36.12
27151,29.96
27152,32.055
27153,38.0
27154,38.33
27155,47.218333333333334
27156,45.455
27157,47.525
27158,35.475
27159,44.46
27160,36.27
27161,37.94
27162,47.55
27163,41.34
27164,43.77
27165,40.735
27166,48.565
27167,35.78
27168,31.42
27169,48.535
27170,48.095
27171,39.78
27172,25.34
27173,37.95
27174,46.95
27175,33.06666666666666
27176,91.0
27177,28.75
27178,39.05
27179,45.75
27180,37.51
27181,35.49
27182,37.12
27183,32.17
27184,36.635
27185,51.76
27186,34.095
27187,44.25
27188,44.71
27189,38.12
27190,35.0
27191,51.815
27192,43.35
27193,25.86
27194,65.0
27195,34.37
27196,43.045
27197,27.17
27198,52.97
27199,49.74
27200,39.365
27201,33.65
27202,33.53
27203,32.535
27204,35.67
27205,35.29
27206,33.75
27207,41.36
27208,41.25
27209,41.03333333333334
27210,32.645
27211,47.825
27212,41.69
27213,35.53
27214,33.115
27215,43.56
27216,60.0
27217,68.0
27218,44.36
27219,65.0
27220,44.885
27221,43.74
27222,54.36
27223,88.0
27224,54.0
27225,42.59
27226,39.86
27227,36.73
27228,41.29
27229,47.05
27230,49.66
27231,86.0
27232,28.61
27233,45.68
27234,47.68666666666667
27235,43.405
27236,36.61
27237,65.0
27238,33.49
27239,52.33
27240,43.0
27241,40.44
27242,47.30333333333333
27243,49.67
27244,42.195
27245,34.03
27246,40.9
27247,46.43
27248,82.0
27249,35.08
27250,60.705
27251,38.13
27252,70.0
27253,41.62333333333333
27254,39.08
27255,40.045
27256,44.74666666666666
27257,49.41
27258,63.0
27259,40.93
27260,49.615
27261,75.0
27262,50.17
27263,49.54666666666667
27264,45.625
27265,52.455
27266,49.61
27267,83.0
27268,49.7
27269,51.75666666666667
27270,51.57
27271,32.905
27272,51.91
27273,45.6
27274,44.575
27275,41.37
27276,45.54666666666666
27277,25.5
27278,28.7
27279,42.05
27280,32.0
27281,43.33
27282,27.975
27283,46.21
27284,42.24
27285,48.205
27286,35.235
27287,37.97
27288,41.0
27289,57.65
27290,42.6
27291,45.81
27292,39.45
27293,46.45
27294,46.54
27295,43.0
27296,29.54
27297,33.95
27298,49.67
27299,48.47
27300,44.0
27301,44.46
27302,37.74
27303,42.98
27304,38.0
27305,34.0
27306,47.49
27307,34.31666666666667
27308,61.888999999999996
27309,47.29
27310,44.78
27311,57.645
27312,52.21166666666666
27313,56.25
27314,38.0
27315,41.865
27316,44.725
27317,28.49
27318,48.71
27319,49.13
27320,56.03666666666666
27321,45.82
27322,41.125
27323,42.12
27324,51.965
27325,47.07
27326,47.59
27327,47.02
27328,52.665
27329,49.22
27330,40.47
27331,48.025
27332,49.615
27333,55.025
27334,39.8
27335,36.174166666666665
27336,31.71
27337,37.81
27338,40.28
27339,32.43
27340,35.79714285714286
27341,44.55666666666666
27342,34.38666666666667
27343,40.78
27344,47.47
27345,27.95
27346,39.59
27347,31.32
27348,26.39666666666667
27349,43.23
27350,55.07
27351,40.31
27352,35.611666666666665
27353,37.31416666666667
27354,31.93
27355,42.74
27356,48.79
27357,46.25
27358,51.4
27359,44.62
27360,27.03
27361,49.49
27362,40.07
27363,31.7
27364,50.30166666666666
27365,48.03
27366,31.09
27367,38.678333333333335
27368,32.62
27369,43.40333333333333
27370,29.846666666666664
27371,38.24166666666667
27372,28.525
27373,38.9
27374,47.335
27375,38.915
27376,40.37
27377,34.986
27378,35.72
27379,28.04
27380,34.76
27381,54.685
27382,34.425
27383,36.795
27384,49.81
27385,51.96
27386,42.33
27387,27.83
27388,39.03
27389,45.96
27390,45.47
27391,49.99
27392,28.895
27393,45.14
27394,34.87
27395,59.03
27396,42.43
27397,33.14
27398,23.82
27399,28.79
27400,33.43833333333333
27401,37.555
27402,28.46
27403,46.56
27404,40.45333333333333
27405,29.445
27406,33.65
27407,44.71
27408,37.18
27409,24.705
27410,32.72666666666667
27411,48.02
27412,52.795
27413,44.16
27414,47.18
27415,44.19
27416,48.65
27417,33.06
27418,36.815
27419,37.0525
27420,42.46
27421,42.14
27422,35.413333333333334
27423,48.68
27424,39.92
27425,45.47
27426,42.54
27427,44.3075
27428,32.65
27429,56.14
27430,27.19
27431,44.48
27432,48.56
27433,40.605
27434,36.0
27435,38.35166666666667
27436,51.02
27437,40.0025
27438,28.66
27439,49.52
27440,40.88666666666666
27441,35.37
27442,45.475
27443,38.47416666666667
27444,29.89166666666667
27445,40.28
27446,31.03
27447,33.361666666666665
27448,35.6
27449,36.4625
27450,32.2
27451,31.405
27452,37.66
27453,29.16
27454,40.11666666666667
27455,25.09
27456,38.43
27457,43.9
27458,29.24
27459,34.09166666666667
27460,29.27
27461,33.49
27462,39.3
27463,36.30666666666667
27464,41.41
27465,40.603333333333325
27466,29.23
27467,30.79
27468,31.205
27469,49.41
27470,28.32
27471,36.06
27472,18.55
27473,28.42
27474,35.15
27475,34.475
27476,34.97
27477,22.13
27478,43.24
27479,56.0
27480,38.74
27481,34.38
27482,28.24
27483,44.565
27484,40.38
27485,48.44
27486,40.09
27487,35.34
27488,45.35
27489,48.805
27490,46.28
27491,45.5125
27492,39.34
27493,49.74
27494,47.55
27495,48.29
27496,32.355
27497,44.295
27498,44.945
27499,39.22
27500,42.2975
27501,45.25
27502,47.83
27503,43.845
27504,35.54
27505,42.21
27506,31.38
27507,42.255
27508,28.64
27509,47.81
27510,46.78
27511,40.61
27512,49.95
27513,41.655
27514,40.01
27515,40.2
27516,33.98
27517,45.585
27518,44.44
27519,32.675
27520,42.08
27521,41.86
27522,37.21
27523,41.795
27524,50.83
27525,44.045
27526,40.03
27527,38.08
27528,46.69
27529,44.785
27530,47.95
27531,40.705
27532,42.82
27533,48.35
27534,40.08
27535,39.325
27536,40.1
27537,39.04
27538,43.535
27539,44.0
27540,41.62
27541,43.34
27542,36.21
27543,42.475
27544,47.045
27545,56.545
27546,43.525
27547,44.97
27548,70.0
27549,56.945
27550,42.825
27551,47.28
27552,40.66
27553,40.14
27554,40.385
27555,29.68
27556,53.0
27557,50.0
27558,58.4
27559,49.24
27560,70.0
27561,48.0
27562,49.0
27563,48.765
27564,51.6
27565,45.07
27566,56.0
27567,49.17
27568,48.455
27569,39.0
27570,47.0
27571,71.0
27572,50.2
27573,66.0
27574,46.66
27575,49.75666666666666
27576,56.155
27577,63.0
27578,69.0
27579,34.575
27580,66.0
27581,75.0
27582,42.985
27583,48.87666666666667
27584,49.14666666666667
27585,80.0
27586,67.0
27587,53.10666666666667
27588,55.14833333333333
27589,50.915
27590,54.19666666666666
27591,43.0
27592,63.0
27593,68.0
27594,41.955
27595,49.4
27596,56.62833333333333
27597,71.0
27598,47.345
27599,38.5925
27600,51.915
27601,43.03
27602,53.42
27603,72.0
27604,46.52
27605,29.62
27606,77.0
27607,43.61
27608,52.73
27609,42.59
27610,38.405
27611,43.04
27612,38.88
27613,50.0
27614,56.055
27615,41.775
27616,47.755
27617,39.9
27618,41.07
27619,47.63
27620,49.3825
27621,45.03
27622,35.18
27623,48.80333333333333
27624,30.15
27625,62.0
27626,50.31
27627,39.64
27628,39.435
27629,42.08
27630,32.59
27631,36.33
27632,66.0
27633,34.18
27634,37.015
27635,35.08666666666667
27636,55.0
27637,26.66
27638,37.47666666666667
27639,46.92
27640,37.02166666666667
27641,68.0
27642,43.235
27643,50.81
27644,42.915
27645,37.035
27646,48.48
27647,33.905
27648,35.82
27649,42.25833333333334
27650,23.63
27651,25.02
27652,31.97
27653,19.79
27654,26.41
27655,51.60666666666667
27656,0.0
27657,32.39
27658,33.41666666666667
27659,25.335
27660,42.25
27661,30.585
27662,25.61
27663,36.32333333333334
27664,43.41
27665,32.36
27666,45.93
27667,26.87
27668,26.01
27669,23.45
27670,23.71
27671,64.0
27672,30.355
27673,17.54
27674,24.52
27675,35.745
27676,32.32
27677,32.93
27678,21.28
27679,30.55
27680,35.67
27681,26.575
27682,36.44
27683,29.26
27684,22.0
27685,43.0725
27686,39.80714285714286
27687,57.0
27688,30.08
27689,31.4
27690,36.41214285714286
27691,34.111
27692,30.72833333333333
27693,30.04
27694,2.0
27695,33.056666666666665
27696,39.531666666666666
27697,38.35
27698,38.47
27699,80.0
27700,21.31
27701,31.08
27702,24.82
27703,33.14
27704,34.63666666666666
27705,24.9
27706,20.79
27707,31.80166666666667
27708,2.53
27709,33.376666666666665
27710,33.49
27711,35.93
27712,33.98766666666667
27713,33.68666666666667
27714,37.28416666666667
27715,47.33333333333333
27716,31.8
27717,30.366666666666664
27718,37.3
27719,22.841666666666665
27720,39.7475
27721,77.0
27722,23.08
27723,28.84
27724,32.04
27725,30.865
27726,26.9
27727,37.3
27728,26.29
27729,44.91
27730,39.80666666666667
27731,37.66
27732,37.27
27733,18.0
27734,40.23
27735,29.915
27736,43.865
27737,37.615
27738,27.07
27739,33.0
27740,35.36
27741,34.985
27742,28.51
27743,39.54
27744,40.95
27745,39.065
27746,23.48
27747,26.53
27748,34.115
27749,31.28666666666667
27750,42.37
27751,61.0
27752,63.0
27753,43.34
27754,42.315
27755,45.845
27756,42.24
27757,51.028333333333336
27758,49.5
27759,36.35
27760,51.3675
27761,48.025
27762,22.67
27763,24.62
27764,48.06333333333333
27765,44.03
27766,40.82
27767,52.0
27768,38.87
27769,34.86
27770,38.085
27771,38.57
27772,36.08
27773,40.335
27774,49.79
27775,34.91
27776,32.355
27777,44.761
27778,46.68583333333333
27779,49.32
27780,2.0
27781,45.285
27782,50.69666666666666
27783,42.65833333333333
27784,44.98
27785,28.267142857142858
27786,31.77
27787,43.79
27788,58.07166666666667
27789,46.62333333333333
27790,43.665
27791,55.635
27792,35.75
27793,33.98766666666667
27794,38.52
27795,35.67
27796,41.65
27797,45.37
27798,41.24666666666666
27799,40.335
27800,32.49
27801,40.23333333333333
27802,36.02
27803,32.98
27804,35.90166666666667
27805,27.12
27806,53.69
27807,45.6
27808,37.91
27809,40.71
27810,36.14
27811,41.8
27812,47.45
27813,37.71
27814,36.42
27815,40.2
27816,38.08
27817,40.43
27818,34.815
27819,31.385
27820,39.56
27821,38.145
27822,48.11
27823,40.28
27824,37.01
27825,36.51
27826,45.14
27827,41.705
27828,36.9
27829,43.24
27830,52.66333333333333
27831,48.405
27832,40.36
27833,44.845
27834,49.08
27835,45.85
27836,40.67
27837,49.68
27838,42.935
27839,43.43
27840,46.02166666666667
27841,37.88
27842,38.43
27843,49.445
27844,41.43
27845,42.25
27846,50.33
27847,44.23
27848,48.65166666666667
27849,40.495
27850,49.79
27851,43.37
27852,42.64
27853,41.91
27854,39.15
27855,51.515
27856,44.55
27857,40.99
27858,42.87
27859,47.18
27860,45.65
27861,43.15
27862,42.12
27863,54.565
27864,34.97
27865,39.22
27866,36.43
27867,68.66666666666676
27868,43.99
27869,38.885
27870,39.88
27871,41.58
27872,29.895
27873,52.19
27874,43.48
27875,38.995
27876,21.95
27877,42.67
27878,29.65
27879,42.92333333333333
27880,27.41
27881,39.54
27882,34.57
27883,36.85
27884,27.6
27885,25.05
27886,25.91
27887,29.895
27888,35.281666666666666
27889,28.395
27890,30.83
27891,30.19
27892,16.705
27893,29.6
27894,35.2525
27895,40.36
27896,21.6
27897,30.07
27898,30.345
27899,25.71
27900,56.12
27901,31.59
27902,28.22
27903,37.78
27904,34.48
27905,15.33
27906,31.335
27907,20.54
27908,26.71
27909,33.68
27910,36.055
27911,38.53666666666666
27912,23.37
27913,26.43
27914,31.435
27915,30.485
27916,27.155
27917,44.88666666666666
27918,21.67
27919,26.915
27920,43.175
27921,41.91
27922,24.03
27923,23.25
27924,37.41
27925,26.536666666666665
27926,30.75
27927,24.75
27928,29.37
27929,22.36
27930,34.14
27931,41.39
27932,31.665
27933,28.14
27934,37.24
27935,29.04
27936,30.575
27937,31.145
27938,30.5
27939,34.9
27940,61.17
27941,23.41
27942,21.26
27943,27.14
27944,30.05
27945,26.18
27946,40.5
27947,27.35
27948,31.903333333333336
27949,40.42
27950,40.275
27951,44.995
27952,47.1
27953,36.26
27954,32.21
27955,39.08
27956,19.23
27957,22.82
27958,22.64
27959,53.225
27960,38.795
27961,19.79
27962,25.5
27963,35.63333333333333
27964,35.8
27965,20.41
27966,31.35666666666667
27967,72.0
27968,13.94
27969,23.52
27970,36.72
27971,5.0
27972,22.53
27973,15.56
27974,30.306666666666665
27975,25.16
27976,17.24
27977,0.0
27978,18.23
27979,14.29
27980,13.91
27981,16.79
27982,47.1875
27983,23.49
27984,25.84
27985,43.68
27986,2.0
27987,31.16
27988,16.84
27989,21.26
27990,31.18
27991,34.37
27992,22.655
27993,14.96
27994,22.015
27995,30.29
27996,32.98
27997,17.29
27998,31.89
27999,12.41
28000,26.185
28001,51.64
28002,33.94
28003,25.555
28004,28.96
28005,25.9
28006,8.79
28007,22.95
28008,20.83
28009,29.835
28010,17.69
28011,23.94
28012,9.22
28013,16.27
28014,34.79
28015,20.7
28016,31.23
28017,33.99333333333333
28018,31.98166666666667
28019,35.305
28020,31.29666666666667
28021,22.84
28022,28.39
28023,29.17
28024,24.91
28025,34.335
28026,32.19
28027,18.13
28028,16.66
28029,26.42
28030,25.64
28031,33.46
28032,22.08
28033,22.44
28034,35.38
28035,32.705
28036,28.74
28037,32.905
28038,39.645
28039,24.49
28040,21.65
28041,39.1
28042,20.28
28043,25.42
28044,30.81
28045,48.81666666666666
28046,30.56
28047,19.14
28048,10.18
28049,41.0225
28050,45.9
28051,36.5825
28052,39.266666666666666
28053,35.531666666666666
28054,47.0
28055,36.27
28056,26.78
28057,29.08
28058,43.725
28059,64.54
28060,53.92
28061,50.06
28062,41.895
28063,35.75
28064,43.895
28065,53.03
28066,56.54
28067,55.445
28068,44.95
28069,43.65
28070,52.01
28071,44.16
28072,41.405
28073,53.6
28074,45.29
28075,43.72
28076,47.36833333333334
28077,48.08
28078,42.67
28079,46.42
28080,50.08
28081,45.32
28082,42.59
28083,46.72333333333333
28084,60.95166666666667
28085,52.945
28086,53.715
28087,51.85
28088,44.32
28089,42.075
28090,72.0
28091,38.435
28092,34.68
28093,47.1225
28094,42.42
28095,53.59
28096,51.72
28097,54.545
28098,34.77
28099,46.51
28100,50.885
28101,38.08
28102,38.74
28103,37.0
28104,36.47
28105,37.84
28106,34.22
28107,26.23
28108,27.8
28109,34.53
28110,32.96
28111,51.14
28112,29.625
28113,40.07
28114,40.43
28115,32.005
28116,29.76
28117,31.84
28118,25.39
28119,29.9
28120,29.89
28121,33.435
28122,39.22
28123,27.475
28124,38.665
28125,24.945
28126,36.04
28127,35.195
28128,27.03
28129,27.9
28130,28.74
28131,35.23
28132,36.17
28133,29.16
28134,27.24
28135,39.73
28136,34.6025
28137,31.866666666666664
28138,36.0225
28139,25.99
28140,34.35
28141,45.76
28142,43.705
28143,33.19
28144,32.89
28145,33.54
28146,27.8
28147,31.43
28148,33.04
28149,35.715
28150,28.703333333333333
28151,32.31
28152,43.335
28153,35.1025
28154,49.38
28155,30.4
28156,33.58
28157,27.153333333333336
28158,38.25
28159,24.93
28160,36.115
28161,28.825
28162,33.22
28163,35.785
28164,37.946666666666665
28165,42.16
28166,35.605
28167,30.81
28168,32.955
28169,36.5075
28170,41.65
28171,45.52
28172,41.23
28173,48.3
28174,41.83
28175,40.59
28176,43.18
28177,40.695
28178,41.18
28179,41.09
28180,40.98
28181,43.74
28182,47.61
28183,39.36
28184,39.97
28185,38.17
28186,33.74
28187,43.87
28188,32.915
28189,46.14
28190,44.64
28191,45.88
28192,35.765
28193,41.81
28194,45.525
28195,39.53
28196,37.92
28197,43.151666666666664
28198,39.855
28199,41.69
28200,42.35
28201,41.72
28202,43.98
28203,41.31
28204,28.35
28205,32.68
28206,51.455
28207,32.175
28208,34.38
28209,64.0
28210,41.96
28211,32.565
28212,54.73
28213,36.795
28214,28.086666666666666
28215,26.34
28216,39.00833333333333
28217,48.78
28218,40.215
28219,36.3
28220,35.87
28221,43.807142857142864
28222,72.0
28223,19.75
28224,38.42
28225,28.4175
28226,41.3825
28227,41.67
28228,37.985
28229,40.62
28230,40.655
28231,31.725
28232,25.69
28233,53.38666666666667
28234,41.23
28235,84.0
28236,28.69
28237,36.78333333333333
28238,33.76333333333333
28239,35.75333333333333
28240,36.61666666666667
28241,37.12
28242,27.09
28243,31.6875
28244,38.145
28245,38.905
28246,35.1
28247,39.57
28248,38.33
28249,36.435
28250,29.765
28251,26.31
28252,41.27
28253,41.535
28254,38.03
28255,40.585
28256,55.135
28257,46.785
28258,38.17
28259,45.24
28260,48.0825
28261,39.66
28262,31.02833333333333
28263,38.9125
28264,37.78
28265,46.21
28266,36.99
28267,45.1325
28268,49.13166666666666
28269,46.27
28270,32.68
28271,28.77
28272,44.205
28273,40.51
28274,47.7
28275,40.11
28276,36.76
28277,50.45
28278,48.72
28279,31.26
28280,50.68
28281,37.46
28282,41.88
28283,47.4075
28284,36.855
28285,33.86666666666667
28286,37.89
28287,31.68
28288,34.07
28289,46.74
28290,42.2
28291,49.08
28292,45.545
28293,45.05
28294,45.54666666666667
28295,30.01
28296,38.6225
28297,37.56
28298,32.47
28299,49.04
28300,43.05666666666666
28301,37.51
28302,72.0
28303,43.71
28304,39.6
28305,35.11
28306,37.56
28307,43.915
28308,37.93
28309,39.695
28310,44.165
28311,46.19
28312,50.805
28313,33.58
28314,45.425
28315,49.78
28316,30.19
28317,36.02
28318,47.545
28319,40.64
28320,37.0
28321,51.45
28322,48.35
28323,56.245
28324,45.38
28325,43.55
28326,40.6
28327,28.35
28328,47.13
28329,40.185
28330,39.87
28331,37.8
28332,39.09
28333,37.61
28334,40.305
28335,37.715
28336,44.61
28337,44.59
28338,37.66
28339,41.14
28340,44.515
28341,37.52
28342,45.71
28343,37.685
28344,42.12
28345,45.605
28346,41.39
28347,30.48
28348,40.84
28349,42.655
28350,41.03
28351,45.775
28352,40.195
28353,37.91
28354,40.355
28355,37.49
28356,56.1025
28357,40.79
28358,50.24
28359,42.61
28360,30.54
28361,42.9
28362,47.785
28363,48.43
28364,45.87
28365,33.88
28366,37.895
28367,43.56
28368,52.145
28369,38.58
28370,40.92
28371,55.05
28372,43.79
28373,42.57
28374,53.49
28375,37.15
28376,50.5525
28377,54.1
28378,39.985
28379,30.39
28380,44.91
28381,37.8875
28382,45.225
28383,33.25
28384,43.86
28385,52.3
28386,32.2625
28387,42.6
28388,38.32
28389,42.365
28390,40.43
28391,41.68
28392,40.35
28393,34.8
28394,36.65
28395,38.65
28396,32.44
28397,39.65
28398,35.3275
28399,44.555
28400,43.45666666666667
28401,42.44
28402,34.89
28403,36.18
28404,24.995
28405,37.99
28406,39.02
28407,28.35
28408,36.55
28409,22.67
28410,35.3925
28411,30.19
28412,19.75
28413,28.565
28414,25.02
28415,52.32666666666666
28416,23.42
28417,49.3
28418,35.72
28419,40.37
28420,39.66
28421,30.07
28422,30.41
28423,31.1925
28424,32.5
28425,30.7575
28426,40.655
28427,11.36
28428,28.515
28429,39.045
28430,32.36
28431,25.31
28432,32.7825
28433,36.33
28434,30.1
28435,43.725
28436,48.13
28437,39.95
28438,43.99
28439,37.475
28440,49.055
28441,46.38
28442,40.335
28443,41.9
28444,32.5
28445,45.785
28446,42.36
28447,39.375
28448,44.11
28449,42.67
28450,41.1425
28451,48.45
28452,40.35
28453,42.83
28454,32.945
28455,46.785
28456,43.195
28457,42.335
28458,31.49
28459,42.59
28460,39.2
28461,43.94
28462,39.245
28463,40.51
28464,34.26
28465,40.965
28466,39.03
28467,40.62
28468,45.425
28469,25.31
28470,22.09
28471,29.68
28472,23.66
28473,22.605
28474,25.74
28475,45.35333333333333
28476,14.06
28477,27.43
28478,30.34
28479,32.02
28480,33.22
28481,16.57
28482,39.435
28483,15.89
28484,31.98
28485,17.48
28486,23.95
28487,39.22
28488,31.04
28489,20.31
28490,29.49
28491,42.67
28492,24.91
28493,35.34
28494,35.89
28495,40.92
28496,40.83
28497,64.0
28498,2.0
28499,29.67
28500,23.45
28501,33.485
28502,33.41666666666667
28503,17.97
28504,37.10333333333333
28505,24.55
28506,26.9
28507,31.47
28508,21.835
28509,18.45
28510,65.0
28511,44.135
28512,34.96
28513,42.805
28514,43.44
28515,26.87
28516,38.105
28517,29.93
28518,31.07
28519,22.11
28520,16.72
28521,37.836666666666666
28522,31.35666666666667
28523,39.99333333333333
28524,60.0
28525,34.18
28526,33.07
28527,39.43
28528,43.34
28529,31.62
28530,28.76
28531,32.9
28532,41.44833333333334
28533,35.91916666666666
28534,30.19
28535,35.38
28536,43.8
28537,22.95
28538,36.22
28539,34.585
28540,38.3425
28541,36.39
28542,27.47
28543,36.76
28544,28.765
28545,39.72
28546,30.13
28547,32.54
28548,23.89
28549,25.335
28550,2.0
28551,20.83
28552,24.51
28553,38.62833333333334
28554,27.32
28555,21.58
28556,25.14
28557,23.82
28558,28.515
28559,32.36
28560,24.745
28561,17.125
28562,25.55
28563,36.05
28564,32.29
28565,49.165
28566,26.18
28567,22.98
28568,35.98833333333333
28569,41.47
28570,50.905
28571,41.87
28572,68.0
28573,45.25
28574,46.78
28575,57.64
28576,41.91
28577,47.345
28578,76.0
28579,42.09
28580,48.03
28581,42.88666666666666
28582,37.03
28583,39.42
28584,50.83
28585,49.515
28586,36.735
28587,38.51
28588,40.06333333333333
28589,48.2
28590,38.97
28591,55.8
28592,43.99
28593,31.805
28594,49.69
28595,54.085
28596,36.47
28597,38.535
28598,37.97
28599,44.35
28600,42.78
28601,51.66
28602,33.96
28603,46.94
28604,47.21
28605,46.28
28606,41.02
28607,44.305
28608,34.1075
28609,51.975
28610,56.795
28611,38.69
28612,44.47
28613,55.84
28614,38.43
28615,39.69
28616,42.74
28617,52.455
28618,50.875
28619,34.625
28620,91.0
28621,55.635
28622,47.495
28623,42.68
28624,70.0
28625,40.0
28626,51.58
28627,34.0
28628,78.0
28629,48.5
28630,44.84
28631,39.57
28632,41.82833333333334
28633,30.0
28634,29.0
28635,43.81
28636,49.39
28637,42.83
28638,40.01
28639,37.0
28640,44.61
28641,28.0
28642,30.80333333333333
28643,39.4225
28644,52.95
28645,40.87
28646,43.74
28647,36.415
28648,33.46
28649,77.0
28650,61.5
28651,66.0
28652,84.0
28653,47.67
28654,41.705
28655,55.09
28656,53.58
28657,39.12
28658,71.0
28659,66.0
28660,70.0
28661,46.7
28662,70.0
28663,41.84
28664,15.72
28665,44.445
28666,37.475
28667,34.88
28668,37.62
28669,52.87
28670,47.36
28671,30.59
28672,39.725
28673,41.46
28674,42.54
28675,42.035
28676,38.17
28677,42.7
28678,35.04
28679,52.56
28680,51.97
28681,36.1
28682,31.565
28683,40.155
28684,46.96
28685,46.02166666666667
28686,29.05
28687,43.59
28688,33.58
28689,42.825
28690,41.43
28691,38.675
28692,36.04
28693,35.11
28694,45.835
28695,40.18
28696,51.82
28697,39.43
28698,40.14
28699,32.475
28700,43.32
28701,38.52
28702,54.55
28703,36.42
28704,43.11
28705,42.97
28706,44.94
28707,38.025
28708,37.635
28709,47.75
28710,51.5
28711,44.75
28712,37.625
28713,50.105
28714,60.0
28715,40.9
28716,30.92
28717,42.86
28718,26.21
28719,14.29
28720,39.51833333333333
28721,23.06
28722,29.92
28723,56.0
28724,30.41
28725,28.35
28726,14.35
28727,35.745
28728,30.55
28729,45.96
28730,30.07
28731,22.67
28732,42.25
28733,35.15
28734,33.94
28735,33.995
28736,42.72214285714286
28737,45.29
28738,37.16
28739,12.41
28740,16.08
28741,21.485
28742,26.23
28743,30.55
28744,19.59
28745,25.93
28746,49.165
28747,43.03
28748,32.49
28749,35.34
28750,33.24
28751,38.165
28752,22.09
28753,27.73
28754,31.4
28755,32.39
28756,37.61
28757,47.57
28758,32.01
28759,33.75
28760,38.01
28761,35.0
28762,27.36
28763,33.97083333333333
28764,37.84
28765,28.47
28766,40.74
28767,37.235
28768,30.77
28769,31.94
28770,38.35
28771,37.87
28772,21.99
28773,35.15
28774,40.95
28775,35.05
28776,32.805
28777,40.22
28778,33.17
28779,40.16
28780,30.37
28781,36.25333333333333
28782,27.686666666666664
28783,25.05
28784,40.5075
28785,29.82
28786,32.725
28787,29.41
28788,41.44833333333334
28789,39.36
28790,27.21
28791,26.67
28792,28.13
28793,27.73
28794,29.19
28795,27.265
28796,18.65
28797,2.0
28798,34.59
28799,24.17
28800,36.54833333333333
28801,30.7575
28802,39.09
28803,41.47
28804,85.0
28805,94.0
28806,56.555
28807,67.0
28808,50.73
28809,70.0
28810,50.66
28811,29.485
28812,63.0
28813,85.0
28814,56.73
28815,51.75666666666667
28816,49.10833333333334
28817,60.0
28818,62.0
28819,53.215
28820,45.95
28821,48.97
28822,55.06166666666666
28823,49.9
28824,37.645
28825,56.53
28826,48.71333333333334
28827,57.0
28828,58.4
28829,38.975
28830,44.515
28831,39.88
28832,33.78
28833,58.17666666666666
28834,52.295
28835,55.026666666666664
28836,37.985
28837,46.49
28838,66.0
28839,49.435
28840,88.0
28841,46.0
28842,46.85
28843,70.0
28844,45.0
28845,46.595
28846,87.0
28847,50.32
28848,55.65
28849,66.0
28850,42.06
28851,45.905
28852,53.45
28853,48.765
28854,63.0
28855,39.94
28856,40.1
28857,41.99
28858,66.0
28859,47.34
28860,52.0
28861,44.2
28862,48.925
28863,67.0
28864,46.16
28865,35.04
28866,42.82
28867,40.14
28868,43.92
28869,35.86
28870,47.62
28871,38.285
28872,49.96
28873,35.99
28874,38.52
28875,39.21
28876,41.61
28877,51.97333333333333
28878,40.79
28879,37.35
28880,39.895
28881,52.225
28882,46.515
28883,42.09
28884,52.30666666666667
28885,38.34
28886,37.16
28887,43.39
28888,38.425
28889,45.68
28890,59.19
28891,35.98
28892,37.145
28893,37.37
28894,35.42
28895,37.07
28896,50.5425
28897,43.47
28898,52.05666666666666
28899,43.855
28900,41.44
28901,50.62
28902,40.07
28903,43.985
28904,43.2
28905,43.41
28906,54.415
28907,71.55
28908,49.61
28909,45.01
28910,53.28666666666666
28911,40.015
28912,60.805
28913,41.0
28914,36.73
28915,35.84
28916,52.8
28917,46.865
28918,51.11666666666667
28919,47.825
28920,42.26
28921,26.84
28922,49.515
28923,36.81
28924,46.82
28925,37.72333333333333
28926,46.115
28927,47.93666666666667
28928,47.14
28929,35.605
28930,41.07
28931,37.69
28932,47.17
28933,48.02
28934,41.92
28935,39.28
28936,49.15
28937,49.46
28938,32.9
28939,44.565
28940,42.58
28941,53.77
28942,39.055
28943,38.64
28944,37.89
28945,51.77
28946,54.8
28947,36.265
28948,42.98
28949,40.75
28950,41.605
28951,43.35
28952,53.58
28953,42.62
28954,45.04
28955,41.12
28956,39.03
28957,38.6
28958,46.21
28959,41.73
28960,48.8125
28961,41.60666666666666
28962,38.06
28963,34.78
28964,83.0
28965,33.96
28966,49.0
28967,40.495
28968,59.0
28969,68.0
28970,5.32
28971,54.5
28972,42.0
28973,37.69
28974,26.32
28975,62.0
28976,66.0
28977,57.0
28978,65.0
28979,28.665
28980,65.0
28981,75.0
28982,47.5775
28983,32.83
28984,33.08
28985,37.18
28986,40.31
28987,39.39
28988,46.32
28989,31.97
28990,45.105
28991,40.065
28992,41.02
28993,35.15
28994,41.245
28995,39.751666666666665
28996,31.515
28997,48.315
28998,30.06
28999,38.505
29000,39.855
29001,38.705
29002,28.25
29003,40.69
29004,37.04
29005,37.35
29006,41.62
29007,42.18
29008,38.28
29009,34.38
29010,38.595
29011,33.885
29012,34.89666666666667
29013,36.845
29014,35.87
29015,39.1
29016,33.68
29017,35.41
29018,35.535
29019,37.565
29020,44.655
29021,35.87
29022,37.42
29023,40.65
29024,42.58
29025,34.26333333333333
29026,36.17
29027,37.64
29028,39.33
29029,47.39
29030,41.34
29031,50.995
29032,50.77833333333333
29033,33.13
29034,30.49
29035,21.71
29036,38.155
29037,41.26
29038,43.065
29039,37.715
29040,47.19
29041,36.9
29042,33.45333333333333
29043,36.22
29044,36.626
29045,33.58
29046,38.6
29047,38.303333333333335
29048,37.5775
29049,36.0025
29050,29.69
29051,47.93
29052,40.85
29053,32.805
29054,21.28
29055,32.8
29056,34.43
29057,25.5
29058,51.8
29059,26.545
29060,26.95
29061,33.81
29062,31.2
29063,22.37
29064,41.46
29065,27.86
29066,22.31
29067,40.93
29068,33.46333333333334
29069,26.34
29070,22.78
29071,23.04
29072,26.16
29073,22.415
29074,30.93
29075,3.0
29076,4.0
29077,26.205
29078,25.605
29079,24.89
29080,30.07
29081,31.215
29082,11.01
29083,22.33
29084,18.03
29085,25.31
29086,11.36
29087,24.27
29088,24.575
29089,39.06
29090,38.1
29091,32.16
29092,30.60666666666667
29093,42.515
29094,30.29
29095,45.51
29096,32.73
29097,23.39
29098,31.74
29099,24.52
29100,23.06
29101,34.67
29102,25.42
29103,13.07
29104,22.27
29105,26.05
29106,13.37
29107,24.72
29108,20.6
29109,31.63
29110,15.27
29111,21.37
29112,34.68
29113,19.79
29114,27.1
29115,27.1
29116,32.5
29117,21.78
29118,33.225
29119,24.745
29120,22.17
29121,32.9
29122,16.52
29123,26.75
29124,27.86
29125,22.6
29126,32.53
29127,39.8
29128,39.51
29129,39.185
29130,45.415
29131,38.38
29132,57.68666666666667
29133,48.835
29134,41.31
29135,38.13
29136,52.78
29137,46.265
29138,39.86
29139,46.04
29140,39.99
29141,40.43
29142,47.13
29143,52.48
29144,86.0
29145,47.275
29146,42.8
29147,53.03
29148,43.99
29149,50.77
29150,47.526666666666664
29151,51.205
29152,44.6
29153,45.17
29154,45.22
29155,39.88
29156,48.63
29157,46.405
29158,42.465
29159,49.645
29160,46.72333333333333
29161,37.515
29162,47.0
29163,48.94
29164,54.74
29165,49.66
29166,46.95
29167,45.285
29168,48.47
29169,44.77
29170,44.795
29171,49.755
29172,49.54666666666667
29173,30.06
29174,28.61
29175,42.675
29176,45.4
29177,37.13
29178,36.09
29179,53.6
29180,49.56
29181,38.25
29182,68.0
29183,45.14
29184,35.51
29185,48.47
29186,47.41
29187,35.84
29188,35.145
29189,35.8
29190,44.96
29191,46.17
29192,45.175
29193,48.34
29194,47.63
29195,47.87
29196,28.025
29197,37.1525
29198,77.0
29199,33.2
29200,36.985
29201,22.0
29202,38.39
29203,32.5
29204,36.0
29205,37.04
29206,43.96
29207,34.26333333333333
29208,40.43
29209,39.93
29210,16.0
29211,49.395
29212,40.5
29213,35.0
29214,33.0
29215,47.41666666666667
29216,48.85
29217,27.0
29218,37.0
29219,34.0
29220,35.0
29221,45.485
29222,50.72
29223,46.39
29224,37.42
29225,40.565
29226,45.0
29227,30.71
29228,37.38
29229,43.91
29230,52.75
29231,42.0
29232,39.03
29233,39.08
29234,39.78
29235,39.69
29236,40.29
29237,46.62
29238,22.0
29239,52.0
29240,44.0
29241,33.5
29242,40.39
29243,40.3
29244,34.535
29245,40.50333333333334
29246,41.09
29247,35.935
29248,34.265
29249,39.915
29250,33.0
29251,29.0
29252,15.0
29253,33.18
29254,39.1825
29255,41.57
29256,39.33
29257,40.455
29258,33.86
29259,34.845
29260,39.99
29261,49.11
29262,39.37
29263,38.425
29264,46.25
29265,48.0175
29266,39.09
29267,36.905
29268,45.58
29269,34.22
29270,56.76
29271,43.275
29272,47.19
29273,39.19
29274,53.51
29275,50.9
29276,44.36
29277,44.895
29278,44.385
29279,41.895
29280,44.68
29281,44.42
29282,38.1
29283,31.035
29284,24.19
29285,48.515
29286,36.026666666666664
29287,35.975
29288,49.42333333333334
29289,37.05
29290,30.75
29291,32.9
29292,28.92
29293,19.43
29294,42.45714285714286
29295,68.0
29296,24.74
29297,46.04
29298,42.54
29299,35.96
29300,46.645
29301,32.01
29302,76.0
29303,45.65
29304,36.995
29305,50.39333333333333
29306,50.2325
29307,74.0
29308,67.0
29309,35.335
29310,60.0
29311,37.58
29312,43.26
29313,46.645
29314,33.325
29315,19.4
29316,29.92
29317,34.27
29318,58.71428571428562
29319,27.0
29320,45.0
29321,44.68166666666667
29322,33.12
29323,39.06
29324,17.59
29325,23.13
29326,35.38
29327,61.0
29328,35.42
29329,43.38333333333334
29330,25.41
29331,39.4925
29332,33.37
29333,43.46
29334,80.0
29335,33.77
29336,53.0
29337,34.58
29338,21.78
29339,36.649166666666666
29340,20.0
29341,32.48
29342,42.645
29343,37.56
29344,33.82333333333333
29345,38.205
29346,36.08
29347,32.275
29348,31.4
29349,24.575
29350,42.02
29351,45.74
29352,41.11
29353,24.095
29354,54.65
29355,43.68333333333333
29356,41.66333333333334
29357,41.54
29358,44.13
29359,37.14666666666667
29360,37.0
29361,38.195
29362,30.85
29363,38.09
29364,36.685
29365,38.695
29366,36.875
29367,38.35
29368,36.2
29369,32.97
29370,24.9
29371,47.69
29372,42.1
29373,32.9
29374,38.27
29375,36.75
29376,35.275
29377,17.74
29378,40.24
29379,42.455
29380,37.79333333333334
29381,31.165
29382,35.49
29383,31.635
29384,26.48
29385,29.6
29386,33.13
29387,33.28
29388,32.06
29389,37.84
29390,36.73
29391,29.04
29392,22.096666666666664
29393,51.60666666666667
29394,37.745
29395,43.985
29396,35.83
29397,35.38
29398,26.1
29399,25.105
29400,32.47
29401,37.31
29402,43.847142857142856
29403,33.41
29404,42.91
29405,20.39
29406,28.07
29407,29.405
29408,26.93
29409,38.42
29410,35.46
29411,12.42
29412,23.42
29413,22.99
29414,50.07
29415,28.78
29416,28.23
29417,48.96
29418,40.44
29419,47.56
29420,40.475
29421,44.10333333333334
29422,48.5025
29423,43.685
29424,48.81
29425,37.515
29426,50.3825
29427,36.185
29428,43.28
29429,46.96
29430,36.68
29431,46.53
29432,33.36
29433,47.485
29434,56.03
29435,26.87
29436,51.35
29437,43.23
29438,44.7
29439,57.025
29440,47.8
29441,35.39
29442,52.471666666666664
29443,44.21
29444,56.23
29445,38.64
29446,63.0
29447,39.7
29448,45.63
29449,39.105
29450,52.895
29451,34.185
29452,34.15
29453,48.08
29454,43.67
29455,38.85
29456,31.395
29457,45.46
29458,39.8
29459,37.545
29460,50.74
29461,44.645
29462,37.94
29463,45.9025
29464,42.12
29465,45.49
29466,53.35
29467,52.151666666666664
29468,39.38
29469,37.84
29470,45.925
29471,46.59
29472,38.18
29473,48.695
29474,35.64
29475,39.475
29476,40.33
29477,36.2
29478,36.54
29479,51.66
29480,51.455
29481,46.08
29482,38.88
29483,56.619
29484,37.68333333333334
29485,39.2
29486,35.875
29487,53.51
29488,55.49
29489,53.735
29490,44.565
29491,42.45
29492,44.22
29493,37.52
29494,39.26
29495,36.47
29496,47.85
29497,56.55
29498,65.0
29499,27.31
29500,38.6
29501,44.29
29502,53.32
29503,35.52
29504,33.975
29505,37.81
29506,32.03
29507,43.0
29508,73.0
29509,78.0
29510,37.7
29511,37.27
29512,48.12833333333333
29513,40.68
29514,34.82
29515,79.0
29516,42.645
29517,41.765
29518,46.906666666666666
29519,37.79666666666667
29520,29.34
29521,3.0
29522,43.2275
29523,57.465
29524,19.333333333333304
29525,46.74
29526,40.98
29527,33.5
29528,29.46
29529,26.585
29530,37.255
29531,33.6
29532,31.77
29533,38.955
29534,42.66
29535,32.83
29536,72.0
29537,36.24
29538,36.22833333333333
29539,36.37833333333334
29540,41.18166666666667
29541,37.505
29542,64.0
29543,31.8
29544,35.8
29545,39.51
29546,39.387142857142855
29547,36.875
29548,46.645
29549,37.06
29550,32.248333333333335
29551,42.07166666666666
29552,81.0
29553,39.81
29554,45.165
29555,38.33
29556,29.535
29557,31.16
29558,34.225
29559,48.09333333333334
29560,34.775
29561,41.1175
29562,28.76
29563,19.79
29564,39.61666666666667
29565,50.245
29566,25.59
29567,59.0
29568,34.56
29569,37.652142857142856
29570,34.305
29571,37.88
29572,41.455
29573,31.68
29574,35.49547619047619
29575,32.75
29576,37.58
29577,30.6
29578,38.79
29579,33.66
29580,25.56
29581,53.0
29582,49.31666666666667
29583,31.145
29584,37.435
29585,33.3
29586,42.18
29587,18.0
29588,39.526666666666664
29589,38.98
29590,36.53
29591,23.75
29592,27.72
29593,37.64666666666667
29594,34.715
29595,40.345
29596,37.715
29597,22.38
29598,37.52
29599,42.02
29600,53.0
29601,36.29
29602,36.065
29603,22.0
29604,41.74
29605,47.11
29606,39.415
29607,70.0
29608,47.79
29609,68.0
29610,51.58
29611,71.0
29612,41.6175
29613,85.0
29614,49.21
29615,46.52
29616,35.0
29617,35.63
29618,39.51
29619,30.54
29620,77.0
29621,44.23
29622,67.0
29623,50.20166666666666
29624,36.96
29625,50.526666666666664
29626,44.0
29627,51.26
29628,44.705
29629,75.0
29630,55.74
29631,71.55
29632,56.0
29633,47.595
29634,47.43
29635,51.75666666666667
29636,43.915
29637,47.16
29638,51.31
29639,71.0
29640,41.91
29641,71.0
29642,87.0
29643,49.76666666666667
29644,38.74
29645,81.0
29646,50.0
29647,49.10833333333334
29648,52.02
29649,91.0
29650,51.205
29651,80.0
29652,52.48
29653,44.57
29654,74.0
29655,51.47
29656,49.66
29657,43.09
29658,54.2625
29659,44.89
29660,54.09166666666667
29661,43.71
29662,43.18
29663,51.04166666666666
29664,40.05
29665,35.04
29666,70.0
29667,44.355
29668,44.885
29669,59.73
29670,49.9
29671,48.805
29672,50.95
29673,53.7275
29674,66.0
29675,53.6
29676,67.0
29677,66.0
29678,67.0
29679,51.775
29680,67.0
29681,57.0
29682,63.0
29683,68.0
29684,66.0
29685,66.0
29686,54.09
29687,44.82
29688,51.0
29689,43.78
29690,39.91
29691,43.43
29692,49.12
29693,69.0
29694,47.33833333333334
29695,35.0
29696,42.67
29697,44.665
29698,49.4025
29699,48.99
29700,38.15
29701,66.0
29702,47.15
29703,54.875
29704,43.33
29705,39.595
29706,42.2
29707,45.78333333333334
29708,37.025
29709,47.42
29710,42.56
29711,38.69
29712,48.00333333333334
29713,41.51
29714,37.675
29715,45.145
29716,43.46
29717,39.225
29718,41.38
29719,42.08
29720,42.88
29721,36.345
29722,33.975
29723,51.3525
29724,51.55
29725,49.875
29726,41.25
29727,33.635
29728,45.79333333333333
29729,38.14
29730,40.38
29731,49.71
29732,38.28
29733,48.65
29734,42.25333333333334
29735,33.25
29736,34.23
29737,40.82
29738,45.665
29739,45.9925
29740,40.4
29741,40.02
29742,37.47666666666667
29743,43.94
29744,46.096666666666664
29745,38.92166666666667
29746,35.26
29747,37.245
29748,43.97
29749,52.88
29750,45.43
29751,48.59
29752,50.17083333333334
29753,31.448333333333334
29754,44.92
29755,47.96333333333333
29756,35.67
29757,32.21
29758,48.6475
29759,48.855
29760,40.41
29761,44.68
29762,43.635
29763,41.265
29764,53.95
29765,36.48
29766,55.24
29767,36.755
29768,42.4
29769,30.51
29770,46.835
29771,33.905
29772,40.57666666666667
29773,39.595
29774,37.2925
29775,68.66666666666676
29776,48.78
29777,40.685
29778,38.34
29779,45.03
29780,75.0
29781,43.43
29782,37.08833333333333
29783,45.37
29784,54.06666666666666
29785,71.0
29786,37.92
29787,24.0
29788,55.81833333333333
29789,48.685
29790,47.09
29791,43.24
29792,45.87
29793,33.58
29794,45.64
29795,46.66666666666665
29796,45.34666666666667
29797,50.99
29798,88.0
29799,49.7
29800,44.88
29801,38.62
29802,31.1
29803,49.67
29804,61.0
29805,39.02
29806,42.24666666666666
29807,46.96
29808,42.7
29809,35.98
29810,37.61
29811,35.25
29812,40.99
29813,44.74666666666666
29814,49.54666666666667
29815,56.35333333333333
29816,68.0
29817,46.94
29818,48.425
29819,61.0
29820,40.37
29821,52.07
29822,46.075
29823,55.0
29824,70.0
29825,40.675
29826,56.38
29827,30.345
29828,23.09
29829,36.17
29830,37.51
29831,68.0
29832,42.035
29833,38.025
29834,44.895
29835,49.06
29836,52.87
29837,37.15
29838,54.7
29839,52.11
29840,45.17
29841,41.135
29842,49.575
29843,46.41
29844,49.44
29845,33.92
29846,58.52666666666667
29847,56.355
29848,51.41
29849,45.235
29850,51.30166666666666
29851,46.59
29852,40.01166666666667
29853,49.031666666666666
29854,47.99
29855,36.09
29856,51.27166666666666
29857,49.67
29858,44.14
29859,43.065
29860,41.3
29861,34.89
29862,42.515
29863,38.1
29864,40.03
29865,34.95666666666666
29866,41.41333333333333
29867,38.73
29868,33.22
29869,44.0
29870,49.74
29871,36.18
29872,47.02
29873,43.49
29874,40.675
29875,31.72
29876,53.42
29877,51.69666666666666
29878,31.745
29879,41.785
29880,50.91333333333333
29881,35.71
29882,46.67
29883,45.0
29884,33.0
29885,50.6025
29886,30.055
29887,39.21
29888,44.0
29889,33.715
29890,53.48666666666666
29891,38.94
29892,47.555
29893,53.49
29894,50.015
29895,37.74
29896,51.07916666666667
29897,41.94
29898,40.0
29899,40.97
29900,38.83
29901,41.07
29902,37.71
29903,42.0
29904,42.39
29905,49.52166666666667
29906,45.86
29907,51.63166666666666
29908,52.14
29909,34.665
29910,35.315
29911,43.0
29912,40.895
29913,48.13
29914,47.29
29915,48.0
29916,49.08
29917,46.26
29918,49.845
29919,58.59666666666667
29920,44.49
29921,38.7
29922,47.11
29923,54.06833333333334
29924,42.14
29925,38.07
29926,46.45
29927,34.0
29928,50.79
29929,45.785
29930,43.48
29931,51.25
29932,53.75
29933,50.11333333333333
29934,34.055
29935,36.94
29936,47.42
29937,36.27
29938,46.9
29939,46.46666666666667
29940,55.18166666666666
29941,67.0
29942,45.23
29943,54.0
29944,38.71
29945,60.0
29946,44.36
29947,65.0
29948,43.74
29949,54.36
29950,88.0
29951,42.59
29952,39.86
29953,36.73
29954,41.29
29955,47.05
29956,49.66
29957,86.0
29958,28.61
29959,62.21
29960,45.68
29961,47.68666666666667
29962,43.405
29963,36.61
29964,65.0
29965,53.885
29966,33.49
29967,52.33
29968,43.0
29969,40.44
29970,47.21166666666667
29971,47.30333333333333
29972,42.195
29973,34.03
29974,40.9
29975,46.43
29976,82.0
29977,35.08
29978,60.705
29979,38.13
29980,70.0
29981,41.62333333333333
29982,39.08
29983,40.045
29984,49.41
29985,63.0
29986,40.93
29987,49.615
29988,75.0
29989,45.86
29990,50.17
29991,45.625
29992,52.455
29993,41.31
29994,49.61
29995,83.0
29996,51.57
29997,32.905
29998,53.4125
29999,50.91
30000,40.11666666666667
30001,47.25000000000001
30002,52.79571428571427
30003,53.42
30004,45.0
30005,44.68
30006,21.0
30007,68.0
30008,54.73
30009,57.12
30010,47.0
30011,64.0
30012,64.48
30013,55.0
30014,50.945
30015,24.0
30016,44.92333333333333
30017,35.655
30018,36.0
30019,46.54
30020,48.215
30021,52.05333333333334
30022,52.58
30023,54.32
30024,50.75666666666666
30025,50.36
30026,41.63
30027,53.96
30028,50.46
30029,57.98
30030,65.45
30031,45.0
30032,43.0
30033,51.0
30034,65.0
30035,43.98
30036,40.0
30037,41.52
30038,52.215
30039,50.68
30040,43.175
30041,81.0
30042,58.93
30043,47.0
30044,48.61
30045,56.605
30046,49.77
30047,47.85
30048,51.95
30049,45.5
30050,46.57
30051,56.0
30052,78.0
30053,40.82
30054,50.0
30055,35.17666666666666
30056,43.145
30057,82.0
30058,49.58
30059,45.0
30060,41.62
30061,38.44
30062,76.0
30063,72.0
30064,37.0
30065,42.63
30066,60.615
30067,72.0
30068,50.94
30069,38.66666666666661
30070,50.63
30071,53.015
30072,68.0
30073,67.0
30074,42.09
30075,79.0
30076,76.0
30077,66.0
30078,44.4
30079,41.29
30080,35.85
30081,50.97
30082,46.53
30083,42.36
30084,33.74
30085,73.0
30086,43.555
30087,41.53
30088,80.0
30089,36.76
30090,62.38
30091,54.51
30092,73.0
30093,44.93
30094,36.8
30095,77.0
30096,69.0
30097,78.0
30098,41.29333333333333
30099,39.51
30100,34.44
30101,33.5
30102,28.51
30103,42.14
30104,36.21
30105,40.33
30106,35.31333333333333
30107,44.76333333333334
30108,17.0
30109,42.916000000000004
30110,46.05
30111,43.84
30112,40.18
30113,34.67
30114,30.0
30115,22.12
30116,43.48
30117,48.09
30118,25.595
30119,33.875
30120,40.86333333333334
30121,34.47333333333333
30122,22.13
30123,33.73
30124,35.57
30125,44.92
30126,32.055
30127,36.25
30128,29.35
30129,37.855
30130,44.745
30131,31.576666666666668
30132,34.47
30133,37.54
30134,40.49
30135,35.67
30136,34.806
30137,29.71
30138,46.11
30139,34.25
30140,33.385
30141,36.08
30142,34.505
30143,36.34
30144,43.026666666666664
30145,34.935
30146,43.52
30147,35.29083333333333
30148,37.88
30149,44.14166666666666
30150,38.06
30151,41.82
30152,39.53
30153,31.12
30154,45.6125
30155,35.59666666666667
30156,31.06
30157,38.86
30158,44.92
30159,41.25
30160,27.86
30161,5.0
30162,0.0
30163,32.85933333333333
30164,39.72666666666667
30165,29.26
30166,45.995
30167,48.86333333333334
30168,45.71
30169,42.575
30170,29.975
30171,42.63
30172,46.84
30173,35.01
30174,32.895
30175,42.14
30176,46.84
30177,41.925
30178,49.62666666666666
30179,37.95
30180,1.0
30181,40.126666666666665
30182,56.0
30183,48.61833333333334
30184,37.93666666666667
30185,30.74
30186,37.74
30187,30.64666666666667
30188,32.545
30189,40.275
30190,5.0
30191,48.34
30192,38.77
30193,61.35
30194,43.02
30195,45.49333333333334
30196,68.17
30197,98.0
30198,93.0
30199,95.0
30200,46.985
30201,98.0
30202,71.0
30203,98.0
30204,97.0
30205,52.04
30206,97.0
30207,98.0
30208,43.13
30209,98.0
30210,97.0
30211,31.675
30212,85.5
30213,35.81
30214,85.0
30215,96.0
30216,88.0
30217,29.305
30218,94.0
30219,90.25
30220,49.60666666666666
30221,94.0
30222,57.0
30223,95.0
30224,32.68
30225,83.5
30226,94.0
30227,52.0
30228,30.5
30229,93.0
30230,48.52
30231,93.0
30232,81.0
30233,32.25
30234,86.0
30235,90.0
30236,33.15
30237,94.0
30238,51.19
30239,90.0
30240,33.19
30241,92.0
30242,90.0
30243,23.35
30244,94.0
30245,86.39999999999984
30246,29.97
30247,92.0
30248,92.0
30249,48.8725
30250,91.0
30251,39.0
30252,87.0
30253,93.0
30254,41.94
30255,91.0
30256,93.0
30257,40.45
30258,90.0
30259,91.0
30260,43.64
30261,88.0
30262,88.0
30263,48.575
30264,87.66666666666673
30265,91.0
30266,40.305
30267,18.0
30268,89.0
30269,26.186666666666664
30270,91.0
30271,34.675
30272,30.45
30273,73.0
30274,67.555
30275,37.95
30276,60.72
30277,63.66833333333334
30278,33.02
30279,53.50166666666666
30280,47.0
30281,66.0
30282,83.0
30283,49.72666666666667
30284,58.96
30285,59.626000000000005
30286,37.915
30287,80.0
30288,90.0
30289,37.99
30290,67.425
30291,63.84
30292,68.775
30293,42.276666666666664
30294,43.41
30295,52.96166666666667
30296,55.60666666666667
30297,84.0
30298,69.0
30299,49.55
30300,77.0
30301,50.57333333333334
30302,44.97
30303,47.11
30304,79.0
30305,43.515
30306,50.35
30307,83.0
30308,79.0
30309,55.6725
30310,66.37
30311,60.51833333333333
30312,47.835
30313,85.0
30314,54.31
30315,36.93
30316,36.455
30317,46.2
30318,66.39
30319,44.19
30320,61.4
30321,73.0
30322,88.0
30323,62.0
30324,54.96
30325,43.755
30326,49.75
30327,42.94
30328,44.99
30329,63.07
30330,53.39
30331,63.29
30332,43.595
30333,50.65
30334,49.3
30335,65.0
30336,47.28333333333334
30337,91.0
30338,57.07
30339,45.765
30340,49.345
30341,41.25
30342,46.3
30343,46.14666666666667
30344,55.89
30345,57.67666666666667
30346,41.09166666666667
30347,44.098333333333336
30348,57.42
30349,71.0
30350,55.5525
30351,55.85
30352,40.225
30353,40.02
30354,45.07666666666666
30355,53.903333333333336
30356,51.69
30357,53.82166666666666
30358,45.53333333333333
30359,46.26
30360,42.62333333333334
30361,51.845
30362,42.01
30363,75.5
30364,74.0
30365,55.44
30366,66.0
30367,52.945
30368,48.855
30369,85.0
30370,47.25333333333333
30371,72.0
30372,45.485
30373,45.2
30374,40.81
30375,51.235
30376,45.57
30377,42.70166666666667
30378,87.0
30379,51.2
30380,55.635
30381,71.31999999999991
30382,36.07
30383,41.39
30384,58.515
30385,60.934
30386,86.0
30387,91.0
30388,93.0
30389,71.87
30390,98.0
30391,41.74166666666666
30392,71.0
30393,51.0
30394,76.0
30395,86.0
30396,79.0
30397,37.88
30398,77.0
30399,81.0
30400,57.0
30401,51.96
30402,74.0
30403,53.725
30404,27.79
30405,50.865
30406,82.33333333333321
30407,80.0
30408,62.0
30409,83.0
30410,66.5
30411,49.26
30412,43.59
30413,40.41
30414,85.0
30415,75.0
30416,82.0
30417,78.0
30418,79.0
30419,77.0
30420,73.0
30421,39.14
30422,48.51
30423,93.0
30424,65.04
30425,46.085
30426,36.07666666666667
30427,77.0
30428,86.39999999999984
30429,49.62
30430,46.105
30431,47.875
30432,75.0
30433,45.445
30434,40.55
30435,61.0
30436,76.0
30437,64.41
30438,75.0
30439,78.0
30440,55.0
30441,73.0
30442,73.0
30443,58.025
30444,76.0
30445,71.0
30446,70.85
30447,80.0
30448,77.0
30449,77.0
30450,85.0
30451,80.0
30452,67.0
30453,46.655
30454,78.0
30455,39.73166666666667
30456,83.0
30457,63.0
30458,38.66666666666661
30459,51.60000000000003
30460,78.0
30461,83.0
30462,54.028333333333336
30463,76.0
30464,61.0
30465,49.281666666666666
30466,68.0
30467,35.0
30468,83.0
30469,45.09
30470,76.0
30471,34.73833333333334
30472,39.83
30473,48.34
30474,58.0
30475,40.04
30476,37.785
30477,53.635
30478,43.11
30479,48.485
30480,48.42
30481,28.27
30482,39.1
30483,45.31833333333334
30484,56.03333333333334
30485,54.1875
30486,40.845
30487,52.265
30488,41.34
30489,45.06714285714286
30490,40.855
30491,41.85333333333333
30492,42.35
30493,47.08
30494,30.373333333333335
30495,41.88
30496,34.73
30497,43.9575
30498,31.3
30499,38.5975
30500,41.74
30501,48.96
30502,43.87
30503,40.25833333333333
30504,54.13166666666667
30505,41.0875
30506,33.14333333333334
30507,48.265
30508,44.03
30509,49.32
30510,42.885
30511,51.47
30512,52.92
30513,43.91
30514,52.13
30515,56.66666666666666
30516,48.86
30517,43.805
30518,40.66
30519,32.99
30520,44.565
30521,50.17
30522,56.53
30523,49.24166666666666
30524,48.695
30525,48.82
30526,47.96
30527,38.0
30528,45.53166666666666
30529,47.51166666666666
30530,83.0
30531,50.46
30532,46.71
30533,51.14666666666666
30534,50.09
30535,57.13
30536,50.3
30537,53.57833333333333
30538,54.29
30539,67.0
30540,47.12
30541,48.095
30542,53.785
30543,55.199
30544,56.59
30545,50.54
30546,45.18
30547,49.94
30548,45.02
30549,49.405
30550,44.61
30551,55.555
30552,43.78
30553,52.635
30554,48.075
30555,44.7
30556,48.555
30557,54.705
30558,47.32
30559,47.51
30560,50.51
30561,46.88
30562,51.6
30563,40.94
30564,56.04
30565,34.3
30566,47.98
30567,42.705
30568,49.71
30569,34.44166666666666
30570,46.25
30571,49.0
30572,66.0
30573,40.67
30574,46.905
30575,52.57
30576,40.2975
30577,49.06166666666667
30578,47.61
30579,41.09166666666666
30580,42.77
30581,45.87
30582,37.47
30583,42.435
30584,50.0325
30585,47.395
30586,40.51
30587,39.655
30588,42.69333333333334
30589,39.24
30590,41.42833333333334
30591,74.0
30592,38.93
30593,37.675
30594,45.66
30595,51.31
30596,38.805
30597,37.26
30598,35.32
30599,46.29
30600,42.08333333333333
30601,38.45833333333333
30602,49.495
30603,37.09
30604,44.37833333333334
30605,46.83
30606,43.395
30607,43.86
30608,37.745
30609,35.163333333333334
30610,45.87
30611,68.0
30612,34.73
30613,41.335
30614,42.17
30615,46.245
30616,39.25833333333333
30617,44.5
30618,52.0
30619,43.985
30620,72.0
30621,37.16
30622,73.0
30623,42.79
30624,77.0
30625,49.81
30626,76.0
30627,48.59833333333333
30628,79.0
30629,85.0
30630,47.03
30631,44.67
30632,70.0
30633,58.0
30634,65.3025
30635,55.155
30636,74.0
30637,71.66666666666676
30638,76.0
30639,76.0
30640,56.83
30641,72.0
30642,60.03
30643,44.761
30644,39.56666666666667
30645,53.33
30646,43.26
30647,82.0
30648,84.0
30649,42.91666666666666
30650,68.0
30651,43.745
30652,49.465
30653,77.0
30654,67.5
30655,27.56
30656,70.66666666666676
30657,75.0
30658,44.8
30659,82.0
30660,44.99
30661,78.0
30662,76.0
30663,43.09
30664,51.22380952380952
30665,41.905
30666,51.14
30667,38.0
30668,76.0
30669,68.0
30670,41.74
30671,49.045
30672,81.0
30673,81.0
30674,34.23
30675,67.0
30676,66.0
30677,78.0
30678,80.0
30679,83.0
30680,74.75
30681,77.0
30682,81.0
30683,47.3275
30684,67.0
30685,50.69333333333333
30686,39.06
30687,75.0
30688,47.17
30689,47.74
30690,24.28
30691,74.0
30692,24.0
30693,30.66666666666664
30694,16.10333333333333
30695,63.0
30696,43.0
30697,37.78
30698,48.585
30699,39.43
30700,78.0
30701,46.12333333333334
30702,51.0325
30703,39.17166666666667
30704,37.00333333333334
30705,58.16666666666666
30706,43.64
30707,43.22
30708,39.5425
30709,73.0
30710,49.43
30711,31.45
30712,46.82
30713,61.0
30714,64.0
30715,65.0
30716,22.0
30717,48.11
30718,61.0
30719,38.615
30720,43.59
30721,47.8425
30722,44.27
30723,63.0
30724,55.86166666666667
30725,39.685
30726,40.33166666666666
30727,39.17
30728,43.94166666666667
30729,33.0
30730,64.0
30731,36.01
30732,42.085
30733,36.725
30734,38.94666666666667
30735,49.18
30736,74.0
30737,36.1425
30738,41.07
30739,42.631
30740,48.7075
30741,46.7
30742,42.71
30743,47.35
30744,73.0
30745,45.4825
30746,48.2725
30747,52.7575
30748,45.02
30749,72.045
30750,42.73
30751,56.3525
30752,39.35
30753,50.275
30754,40.3975
30755,46.055
30756,37.225
30757,44.06
30758,50.39333333333333
30759,43.965
30760,11.0
30761,55.545
30762,36.745
30763,45.32
30764,43.24
30765,46.39
30766,51.7625
30767,39.52166666666667
30768,59.0
30769,45.715
30770,48.0275
30771,45.153333333333336
30772,46.735
30773,39.33
30774,23.215
30775,42.325
30776,66.0
30777,73.0
30778,45.415
30779,58.0
30780,47.165
30781,66.49
30782,34.70166666666667
30783,48.042142857142856
30784,54.795
30785,40.33
30786,54.19666666666667
30787,43.27833333333333
30788,46.25
30789,36.76
30790,44.4825
30791,55.36166666666667
30792,50.98
30793,47.925
30794,76.0
30795,54.86
30796,40.38
30797,40.6
30798,36.58
30799,58.4
30800,46.66666666666665
30801,43.09833333333333
30802,50.35
30803,58.26
30804,42.0
30805,30.145
30806,40.26
30807,42.91
30808,33.235
30809,47.01
30810,33.735
30811,53.53
30812,38.24
30813,29.17
30814,43.4025
30815,39.95
30816,47.56
30817,49.365
30818,23.38
30819,38.0
30820,40.5
30821,43.99
30822,40.575
30823,45.7575
30824,48.87
30825,43.29
30826,42.445
30827,42.81666666666667
30828,46.95
30829,42.0
30830,48.22
30831,35.665
30832,31.665
30833,40.41
30834,43.07
30835,47.78
30836,43.41
30837,45.695
30838,45.55
30839,36.8
30840,47.635
30841,40.875
30842,46.105
30843,35.43
30844,83.0
30845,56.155
30846,47.0
30847,87.0
30848,42.38
30849,41.71
30850,59.65666666666666
30851,44.56714285714286
30852,33.0
30853,33.97
30854,43.34
30855,40.705
30856,76.0
30857,35.013333333333335
30858,35.475
30859,55.0
30860,3.0
30861,20.0
30862,78.0
30863,59.0
30864,57.88
30865,74.0
30866,61.0
30867,66.0
30868,65.31
30869,62.86333333333333
30870,75.0
30871,74.0
30872,72.0
30873,69.0
30874,40.016666666666666
30875,42.05
30876,65.0
30877,46.49
30878,60.0
30879,4.0
30880,44.44
30881,32.72666666666667
30882,38.775
30883,41.045
30884,39.700833333333335
30885,43.9
30886,35.97
30887,65.0
30888,35.465
30889,71.0
30890,51.74
30891,43.58
30892,34.88
30893,39.12
30894,33.43
30895,40.95
30896,30.09
30897,32.56666666666666
30898,45.67166666666667
30899,43.28
30900,34.435
30901,34.795
30902,65.0
30903,42.6625
30904,40.9975
30905,27.88
30906,41.7
30907,41.035
30908,40.255
30909,36.64
30910,40.59
30911,72.33333333333324
30912,51.855
30913,72.66666666666676
30914,40.02
30915,48.48
30916,81.0
30917,36.87
30918,35.26
30919,38.95333333333333
30920,3.0
30921,8.0
30922,44.50333333333334
30923,24.99
30924,46.64666666666666
30925,46.5
30926,42.05
30927,77.0
30928,36.135
30929,77.0
30930,82.0
30931,45.955
30932,32.63
30933,33.23
30934,28.915
30935,44.055
30936,42.9
30937,58.0
30938,35.431666666666665
30939,69.0
30940,49.33333333333333
30941,60.0
30942,39.54666666666667
30943,62.75
30944,35.5
30945,32.468333333333334
30946,37.093333333333334
30947,8.0
30948,35.35
30949,40.42666666666666
30950,58.0
30951,40.95333333333333
30952,38.72666666666667
30953,13.0
30954,23.85
30955,9.0
30956,61.0
30957,32.74
30958,14.0
30959,19.333333333333304
30960,29.491666666666664
30961,26.32
30962,35.2
30963,32.48
30964,51.60000000000003
30965,37.46333333333334
30966,37.935
30967,33.235
30968,44.9
30969,35.83833333333333
30970,36.51
30971,41.83
30972,68.0
30973,42.91
30974,49.16
30975,71.0
30976,65.0
30977,46.01
30978,29.32
30979,37.68
30980,71.0
30981,17.32
30982,35.85166666666667
30983,39.775
30984,61.0
30985,39.63666666666666
30986,34.37
30987,7.0
30988,70.0
30989,14.0
30990,39.74333333333333
30991,18.0
30992,11.0
30993,40.015
30994,36.436
30995,35.69
30996,6.0
30997,39.04
30998,51.0
30999,58.0
31000,46.79333333333333
31001,51.5
31002,42.0
31003,40.5225
31004,40.285
31005,33.64333333333334
31006,31.77
31007,45.435
31008,65.0
31009,40.87
31010,39.485
31011,62.0
31012,48.52
31013,45.0
31014,4.0
31015,45.0
31016,33.21
31017,34.48333333333333
31018,75.0
31019,45.0
31020,85.0
31021,39.4
31022,7.0
31023,48.27
31024,25.5
31025,35.63333333333333
31026,35.8
31027,0.0
31028,20.41
31029,31.35666666666667
31030,72.0
31031,13.94
31032,23.52
31033,36.72
31034,5.0
31035,22.53
31036,15.56
31037,30.306666666666665
31038,25.16
31039,17.24
31040,0.0
31041,18.23
31042,14.29
31043,13.91
31044,16.79
31045,47.1875
31046,23.49
31047,25.84
31048,43.68
31049,2.0
31050,31.16
31051,16.84
31052,21.26
31053,31.18
31054,34.37
31055,22.655
31056,14.96
31057,22.015
31058,30.29
31059,32.98
31060,17.29
31061,31.89
31062,12.41
31063,26.185
31064,51.64
31065,33.94
31066,25.555
31067,28.96
31068,25.9
31069,8.79
31070,22.95
31071,20.83
31072,29.835
31073,17.69
31074,23.94
31075,9.22
31076,16.27
31077,34.79
31078,20.7
31079,31.23
31080,33.99333333333333
31081,31.98166666666667
31082,35.305
31083,31.29666666666667
31084,22.84
31085,28.39
31086,29.17
31087,24.91
31088,34.335
31089,32.19
31090,18.13
31091,16.66
31092,26.42
31093,25.64
31094,33.46
31095,32.32
31096,22.08
31097,22.44
31098,35.38
31099,28.267142857142858
31100,32.705
31101,28.74
31102,32.905
31103,39.645
31104,24.49
31105,21.65
31106,39.1
31107,20.28
31108,25.42
31109,30.81
31110,48.81666666666666
31111,30.56
31112,19.14
31113,10.18
31114,41.0225
31115,45.9
31116,36.5825
31117,39.266666666666666
31118,35.531666666666666
31119,47.0
31120,36.27
31121,26.78
31122,29.08
31123,29.59
31124,24.19
31125,21.0
31126,25.47
31127,40.71
31128,33.09
31129,19.94
31130,25.82
31131,37.21
31132,35.45
31133,22.18
31134,30.925
31135,39.52
31136,39.735
31137,31.17
31138,29.23
31139,20.92
31140,21.13
31141,26.51
31142,36.57
31143,43.03
31144,33.135
31145,39.24
31146,27.38
31147,30.77
31148,22.67
31149,33.385
31150,15.95
31151,24.66
31152,22.99
31153,31.125
31154,35.623333333333335
31155,21.29
31156,31.975
31157,26.826666666666668
31158,24.92
31159,23.65
31160,16.27
31161,42.93333333333334
31162,37.07
31163,37.105
31164,31.35
31165,25.815
31166,32.61
31167,27.63
31168,27.22
31169,30.03
31170,31.465
31171,29.31
31172,24.003333333333334
31173,30.65
31174,20.68
31175,26.8
31176,28.2
31177,27.29
31178,24.62
31179,34.43
31180,32.41
31181,24.45
31182,27.045
31183,21.89
31184,17.73
31185,31.395
31186,22.96
31187,25.23
31188,17.96
31189,30.3
31190,27.68
31191,27.81
31192,29.89
31193,37.2
31194,25.655
31195,37.58
31196,21.66
31197,31.38
31198,20.86
31199,26.505
31200,25.5
31201,25.01
31202,36.925
31203,26.83
31204,32.57
31205,22.905
31206,50.62
31207,26.69
31208,29.89
31209,26.37
31210,29.045
31211,28.9
31212,24.85
31213,28.55
31214,20.09
31215,21.56
31216,32.03
31217,23.24
31218,34.06
31219,28.97
31220,43.41
31221,44.08
31222,43.53
31223,45.81
31224,47.74
31225,40.205
31226,36.73
31227,38.2
31228,41.04
31229,44.85
31230,48.125
31231,46.11
31232,34.49
31233,45.48
31234,37.645
31235,39.88
31236,44.37
31237,43.54
31238,43.95
31239,41.85
31240,39.58
31241,50.64
31242,44.41
31243,37.06
31244,30.19
31245,42.225
31246,42.015
31247,47.02166666666666
31248,39.59
31249,43.9
31250,34.46
31251,40.745
31252,43.23
31253,40.19
31254,32.91
31255,50.0
31256,37.24
31257,41.0
31258,32.555
31259,51.28
31260,40.905
31261,45.59
31262,43.93
31263,43.045
31264,38.28
31265,41.265
31266,66.0
31267,45.41166666666666
31268,51.0
31269,49.77
31270,44.85
31271,36.2
31272,37.27
31273,42.03
31274,27.885
31275,39.7
31276,34.72
31277,31.855
31278,41.65
31279,24.8
31280,41.11
31281,38.06
31282,43.49
31283,40.795
31284,37.465
31285,49.34
31286,61.0
31287,39.61
31288,48.76
31289,37.42
31290,35.28
31291,37.59
31292,36.22
31293,33.17
31294,41.305
31295,35.91
31296,43.37
31297,33.74
31298,44.41
31299,40.21666666666667
31300,38.931666666666665
31301,42.13
31302,43.455
31303,43.275
31304,29.895
31305,34.98
31306,36.04
31307,33.12
31308,30.4875
31309,58.0
31310,35.72
31311,28.09
31312,37.87
31313,40.86
31314,33.73
31315,27.345
31316,66.0
31317,32.81
31318,46.2525
31319,55.1975
31320,56.62
31321,42.85
31322,54.515
31323,39.3325
31324,39.81166666666667
31325,40.43
31326,45.37
31327,42.325
31328,42.1
31329,59.36
31330,48.042142857142856
31331,38.125
31332,45.63666666666667
31333,36.22666666666667
31334,41.82
31335,33.76
31336,46.075
31337,72.0
31338,43.51916666666666
31339,37.585
31340,40.205
31341,46.74
31342,43.0
31343,65.0
31344,43.53
31345,41.86333333333333
31346,80.0
31347,45.885
31348,40.41333333333333
31349,43.58833333333333
31350,50.24
31351,57.0
31352,65.0
31353,34.445
31354,32.72666666666667
31355,39.78
31356,40.59
31357,52.965
31358,73.0
31359,33.21
31360,33.58
31361,41.6875
31362,38.38833333333333
31363,49.6
31364,1.0
31365,44.79
31366,47.563809523809525
31367,42.70333333333334
31368,39.02
31369,41.755
31370,41.63
31371,46.52
31372,48.33
31373,48.335
31374,49.50083333333334
31375,38.72
31376,37.985
31377,39.31666666666666
31378,50.94833333333333
31379,43.53
31380,43.14
31381,50.16
31382,45.955
31383,73.0
31384,36.8875
31385,42.865
31386,36.62166666666667
31387,48.06714285714286
31388,74.0
31389,38.15
31390,84.0
31391,44.08
31392,45.6
31393,46.455
31394,30.97
31395,51.5
31396,53.7675
31397,68.0
31398,42.555
31399,42.6
31400,46.22
31401,48.54
31402,40.13
31403,36.985
31404,78.0
31405,40.995
31406,17.0
31407,41.79
31408,58.0
31409,39.13
31410,41.54916666666667
31411,40.6725
31412,38.15
31413,44.45
31414,28.24
31415,47.23
31416,43.965
31417,40.93
31418,35.24
31419,29.5
31420,36.96333333333334
31421,32.24
31422,21.28
31423,25.99
31424,31.33
31425,21.865
31426,35.29333333333334
31427,36.81666666666667
31428,24.97
31429,29.82
31430,51.82333333333334
31431,38.6
31432,45.52
31433,31.436666666666664
31434,19.57
31435,31.47
31436,36.81
31437,30.66
31438,22.8
31439,21.98
31440,20.69
31441,53.51
31442,29.26
31443,33.09
31444,33.595
31445,48.51
31446,24.01
31447,30.775
31448,41.12
31449,46.76
31450,48.89
31451,33.96
31452,47.84
31453,33.145
31454,40.82
31455,24.68
31456,35.44
31457,44.15
31458,30.31
31459,32.52
31460,28.03
31461,16.57
31462,23.52
31463,50.02
31464,52.735
31465,42.81
31466,50.83666666666667
31467,22.34
31468,28.55
31469,30.74
31470,30.21
31471,38.36
31472,17.52
31473,32.806666666666665
31474,25.155
31475,41.415
31476,41.50166666666667
31477,46.90333333333333
31478,42.95
31479,22.175
31480,45.75
31481,43.915
31482,40.185
31483,29.31
31484,37.37
31485,28.13
31486,35.68
31487,20.77
31488,42.475
31489,42.31
31490,22.1
31491,25.78
31492,38.17
31493,25.316666666666666
31494,17.92
31495,26.93666666666667
31496,32.94
31497,31.74
31498,24.59
31499,17.22
31500,21.78
31501,30.94
31502,19.72
31503,29.05
31504,41.755
31505,26.545
31506,33.46333333333334
31507,32.4
31508,19.68
31509,28.85
31510,38.275
31511,29.78
31512,31.14
31513,33.75214285714286
31514,36.63
31515,35.92
31516,48.805
31517,50.20166666666666
31518,41.31
31519,36.365
31520,36.17
31521,45.845
31522,46.96
31523,45.95
31524,37.07
31525,36.35
31526,68.0
31527,42.315
31528,47.345
31529,77.0
31530,22.67
31531,43.04
31532,26.315
31533,38.88
31534,46.62333333333333
31535,29.62
31536,25.9
31537,38.5925
31538,32.49
31539,44.03
31540,41.775
31541,44.57
31542,33.76
31543,39.64
31544,33.07
31545,30.97
31546,52.35
31547,62.0
31548,41.61
31549,36.33
31550,40.11
31551,43.5
31552,24.62
31553,27.205
31554,43.57
31555,32.59
31556,42.4
31557,39.9
31558,34.18
31559,44.956
31560,18.0
31561,44.91
31562,43.79
31563,41.66
31564,27.12
31565,31.50666666666667
31566,38.085
31567,34.91
31568,36.015
31569,37.295
31570,37.28416666666667
31571,37.86
31572,37.365
31573,32.965
31574,32.27
31575,40.59
31576,45.16
31577,43.55
31578,38.4
31579,26.756666666666664
31580,40.23333333333333
31581,26.84
31582,42.85583333333333
31583,33.385
31584,33.98766666666667
31585,2.0
31586,43.9
31587,27.686666666666664
31588,28.96
31589,28.62
31590,36.545
31591,35.35
31592,33.14
31593,40.37
31594,46.535
31595,39.82
31596,29.213333333333335
31597,33.68666666666667
31598,26.06666666666667
31599,25.63
31600,37.82
31601,35.75
31602,34.505
31603,36.15
31604,40.355
31605,31.08
31606,45.45
31607,35.19
31608,32.635
31609,33.57
31610,36.25333333333333
31611,37.625
31612,31.3
31613,41.96
31614,33.056666666666665
31615,26.37
31616,41.12
31617,22.83
31618,15.02
31619,27.46
31620,35.38
31621,29.34
31622,32.75
31623,28.74
31624,26.0
31625,35.57
31626,27.416
31627,31.92
31628,31.216666666666665
31629,35.26
31630,29.37
31631,34.155
31632,31.77
31633,26.2
31634,32.77
31635,41.64
31636,30.41
31637,22.57
31638,34.58
31639,22.6
31640,34.96
31641,23.62
31642,32.83
31643,29.3
31644,27.25
31645,34.015
31646,27.03
31647,27.22
31648,27.71
31649,36.02
31650,37.84
31651,28.27
31652,21.695
31653,30.77
31654,46.0
31655,34.45
31656,27.77
31657,35.395
31658,34.77366666666666
31659,20.29
31660,25.96
31661,31.39
31662,29.5
31663,35.06
31664,47.61
31665,34.21
31666,37.31333333333333
31667,36.723333333333336
31668,31.75
31669,22.11
31670,30.586
31671,28.28
31672,38.63
31673,23.995
31674,37.66
31675,30.646666666666665
31676,29.39
31677,28.88
31678,47.89333333333333
31679,40.71
31680,29.355
31681,30.3
31682,30.405
31683,35.8
31684,31.18
31685,30.26
31686,36.885
31687,31.395
31688,25.47
31689,38.0
31690,27.43666666666667
31691,43.735
31692,28.02
31693,32.105
31694,26.011666666666667
31695,34.5
31696,31.84
31697,29.253333333333334
31698,32.84
31699,38.09
31700,30.945
31701,33.405
31702,22.17
31703,34.76
31704,39.53
31705,28.09
31706,34.365
31707,24.2
31708,34.14
31709,21.07
31710,25.61
31711,39.31
31712,39.60666666666666
31713,30.345
31714,37.99
31715,43.22
31716,53.32
31717,35.0
31718,14.31
31719,19.79
31720,20.91
31721,24.64
31722,40.84
31723,58.0
31724,37.94
31725,44.77
31726,26.3
31727,52.455
31728,17.83
31729,18.5
31730,42.37
31731,16.3
31732,28.97
31733,22.09
31734,22.34
31735,31.35666666666667
31736,2.0
31737,27.43
31738,23.49
31739,56.0
31740,14.29
31741,28.515
31742,27.73
31743,5.585
31744,23.97
31745,59.65
31746,38.56
31747,45.26666666666667
31748,32.83
31749,21.28
31750,33.225
31751,33.81
31752,43.23
31753,42.46
31754,30.55
31755,28.765
31756,45.565
31757,33.333333333333336
31758,37.52
31759,45.91
31760,26.71
31761,32.6875
31762,42.7
31763,31.375
31764,43.765
31765,20.36
31766,37.09
31767,43.15
31768,30.54
31769,41.41
31770,51.11666666666667
31771,47.57
31772,30.465
31773,22.745
31774,42.33833333333334
31775,25.08
31776,20.4
31777,31.81
31778,22.09
31779,27.59
31780,34.72
31781,40.92
31782,28.93
31783,16.51
31784,28.133333333333336
31785,50.4725
31786,61.0
31787,77.0
31788,22.31
31789,51.12
31790,69.0
31791,43.30166666666666
31792,31.175
31793,32.36
31794,47.104285714285716
31795,22.98
31796,44.95
31797,40.92
31798,41.7225
31799,25.37
31800,30.645
31801,28.39
31802,46.04
31803,1.0
31804,41.205
31805,55.0
31806,24.54
31807,28.33
31808,40.88
31809,39.78
31810,36.58
31811,35.935
31812,57.89
31813,36.07
31814,14.35
31815,43.08
31816,31.215
31817,37.91
31818,47.0
31819,46.28
31820,20.68
31821,13.37
31822,37.5775
31823,31.67
31824,21.99
31825,40.38
31826,17.78
31827,27.26
31828,26.87
31829,14.52
31830,11.66
31831,39.13
31832,42.715
31833,41.89
31834,11.11
31835,22.23
31836,50.27
31837,46.705
31838,16.28
31839,61.0
31840,62.0
31841,37.59
31842,41.76
31843,32.89
31844,36.00333333333334
31845,31.29
31846,36.635
31847,29.22
31848,35.69
31849,34.335
31850,36.62
31851,55.0
31852,49.3775
31853,17.69
31854,16.44
31855,31.2
31856,33.41166666666666
31857,61.0
31858,46.54
31859,38.16
31860,34.96333333333334
31861,17.97
31862,29.34
31863,36.00333333333334
31864,29.22
31865,19.79
31866,17.961666666666666
31867,30.245
31868,34.95
31869,29.49
31870,25.6
31871,28.94
31872,21.65
31873,29.623333333333335
31874,40.815
31875,31.07
31876,28.04
31877,42.67833333333333
31878,29.4
31879,30.12
31880,35.26
31881,30.99
31882,24.97
31883,22.09
31884,37.95
31885,28.22
31886,28.015
31887,29.89666666666667
31888,23.71
31889,32.66
31890,22.5
31891,31.51666666666667
31892,34.14
31893,27.43
31894,35.42
31895,28.75
31896,33.8
31897,22.27
31898,30.36
31899,30.505
31900,28.77
31901,33.66
31902,29.323333333333334
31903,36.215
31904,36.145
31905,29.17
31906,31.99
31907,28.815
31908,32.26
31909,26.948333333333334
31910,9.05
31911,24.45
31912,30.12
31913,32.38
31914,22.7
31915,30.24
31916,30.16
31917,25.765
31918,35.32
31919,28.73
31920,24.745
31921,27.32
31922,29.125
31923,24.01
31924,35.895
31925,28.165
31926,45.22
31927,37.045
31928,26.42
31929,27.76
31930,32.96
31931,25.66
31932,32.67
31933,28.42
31934,28.62
31935,19.82
31936,21.41
31937,25.76
31938,28.72
31939,27.81
31940,27.44
31941,22.22
31942,13.25
31943,27.915
31944,26.525
31945,46.265
31946,45.81
31947,32.6
31948,39.48
31949,24.37
31950,27.04
31951,33.09
31952,44.68
31953,32.66
31954,34.62
31955,33.295
31956,26.065
31957,28.855
31958,34.47
31959,27.96
31960,26.503333333333334
31961,33.62166666666666
31962,34.49
31963,33.59
31964,22.1
31965,26.83
31966,38.46
31967,56.0
31968,49.53
31969,38.96
31970,34.64
31971,48.9
31972,38.63
31973,38.59666666666667
31974,31.36
31975,47.43333333333334
31976,47.36
31977,33.66
31978,24.17666666666667
31979,35.11
31980,47.99
31981,32.36
31982,47.58
31983,44.69
31984,42.475
31985,28.18
31986,33.028333333333336
31987,41.47166666666667
31988,36.365
31989,42.535
31990,39.96
31991,41.845
31992,31.607142857142858
31993,42.56
31994,45.63
31995,41.915
31996,39.56333333333333
31997,37.71
31998,47.85333333333334
31999,42.58
32000,37.31933333333333
32001,27.35
32002,36.79
32003,50.25416666666667
32004,45.425
32005,32.68
32006,32.763333333333335
32007,42.12
32008,47.64833333333334
32009,36.375
32010,48.78333333333333
32011,47.2875
32012,43.72
32013,44.76333333333334
32014,45.87833333333334
32015,45.595
32016,34.74
32017,36.63666666666667
32018,44.53
32019,44.6975
32020,48.3
32021,47.215
32022,44.9625
32023,32.56333333333333
32024,36.15
32025,40.15
32026,42.11
32027,45.9
32028,36.555
32029,42.75333333333333
32030,44.09
32031,48.425
32032,40.395
32033,46.51666666666667
32034,32.735
32035,33.21666666666667
32036,28.31266666666667
32037,29.04
32038,48.22
32039,41.335
32040,47.795
32041,32.6
32042,31.54
32043,46.685
32044,37.855
32045,48.17
32046,37.635
32047,27.78333333333333
32048,49.845
32049,43.495
32050,34.87
32051,34.25666666666667
32052,32.11
32053,43.205
32054,46.78
32055,42.03
32056,41.93
32057,36.54
32058,38.26166666666667
32059,40.345
32060,43.56
32061,38.7
32062,41.46
32063,48.51
32064,79.0
32065,43.35
32066,40.455
32067,39.65
32068,74.0
32069,36.625
32070,34.88
32071,54.415
32072,37.51
32073,64.52
32074,47.17
32075,50.0
32076,47.885
32077,49.67
32078,45.32
32079,35.78
32080,59.51
32081,54.13
32082,43.0
32083,53.985
32084,51.82
32085,43.935
32086,45.87
32087,50.4
32088,51.575
32089,65.0
32090,46.5
32091,50.45
32092,50.406666666666666
32093,42.2
32094,51.48166666666667
32095,38.6
32096,51.69
32097,45.42
32098,43.13
32099,41.005
32100,36.47
32101,51.66
32102,37.68333333333334
32103,43.0
32104,36.55
32105,40.01
32106,45.5
32107,50.21
32108,46.59
32109,49.62
32110,44.305
32111,39.8
32112,51.49
32113,36.735
32114,46.15333333333333
32115,48.96
32116,61.0
32117,50.3825
32118,68.0
32119,43.8
32120,45.355
32121,43.8125
32122,47.43
32123,32.08
32124,50.86
32125,41.17
32126,48.715
32127,46.55
32128,46.645
32129,70.0
32130,49.3875
32131,44.075
32132,30.11
32133,36.79
32134,34.625
32135,40.335
32136,34.38
32137,40.35
32138,36.69
32139,39.475
32140,44.915
32141,43.07
32142,48.57
32143,35.93
32144,36.55
32145,34.38
32146,47.93
32147,37.89
32148,53.47
32149,30.78
32150,43.55
32151,43.03
32152,39.5
32153,39.815
32154,39.895
32155,29.86
32156,40.24
32157,36.01
32158,34.995
32159,40.92
32160,43.71
32161,18.0
32162,46.17
32163,32.0
32164,40.73
32165,29.0
32166,47.13
32167,44.6525
32168,39.6
32169,46.19
32170,44.36
32171,33.43
32172,30.19
32173,37.0
32174,28.8
32175,50.805
32176,43.38
32177,31.54
32178,28.0
32179,37.56
32180,58.98083333333333
32181,51.67
32182,37.93
32183,41.84
32184,40.055
32185,40.471666666666664
32186,44.165
32187,40.83
32188,36.02
32189,33.92
32190,47.545
32191,49.79
32192,40.1
32193,53.04
32194,38.405
32195,41.75
32196,45.425
32197,38.0
32198,43.915
32199,49.745
32200,36.98
32201,37.41
32202,51.45
32203,50.05
32204,40.07
32205,53.34
32206,48.8
32207,57.0
32208,42.09
32209,40.94
32210,46.34
32211,42.68
32212,37.17
32213,48.54
32214,40.64
32215,47.0
32216,52.79
32217,53.71
32218,43.55
32219,40.925
32220,49.82
32221,53.80666666666666
32222,52.355
32223,40.6
32224,45.035
32225,38.0
32226,50.99
32227,38.715
32228,44.33
32229,41.44
32230,41.205
32231,32.32
32232,32.42
32233,36.1425
32234,42.03214285714285
32235,34.65
32236,47.39
32237,31.09
32238,41.565
32239,61.0
32240,40.36666666666667
32241,35.665
32242,49.02
32243,53.6
32244,48.01
32245,35.12
32246,36.35666666666666
32247,28.52
32248,55.0
32249,40.83
32250,43.105
32251,46.1425
32252,38.48166666666667
32253,46.2
32254,27.82
32255,34.505
32256,41.435
32257,55.46
32258,64.0
32259,38.005
32260,34.06333333333333
32261,37.51
32262,47.86
32263,45.72916666666666
32264,35.81
32265,39.76
32266,37.72
32267,42.63
32268,45.56
32269,46.04
32270,39.08
32271,7.0
32272,40.41
32273,33.595
32274,36.26
32275,42.93
32276,50.23
32277,36.211666666666666
32278,43.54
32279,43.63
32280,37.14666666666667
32281,41.41
32282,45.165
32283,38.505
32284,31.215
32285,42.5375
32286,46.24
32287,2.0
32288,47.93
32289,51.185
32290,38.92
32291,38.73
32292,38.99
32293,72.0
32294,57.0
32295,31.295
32296,44.3075
32297,37.61
32298,50.8525
32299,32.63
32300,41.37
32301,48.25
32302,39.53
32303,56.11
32304,40.145
32305,57.57
32306,34.70166666666667
32307,49.7
32308,38.3425
32309,38.745
32310,41.64
32311,4.0
32312,43.15
32313,33.23
32314,33.995
32315,72.0
32316,43.035
32317,56.79
32318,40.92
32319,29.81
32320,45.51333333333333
32321,39.803333333333335
32322,35.86
32323,39.36
32324,55.215
32325,38.465
32326,26.99
32327,16.34
32328,33.94
32329,20.85
32330,28.07
32331,32.935
32332,27.03666666666667
32333,31.315
32334,33.74
32335,20.9575
32336,23.28
32337,22.99
32338,28.35
32339,22.63
32340,29.95
32341,26.19
32342,11.65
32343,30.06
32344,30.56
32345,27.845
32346,40.64
32347,38.48
32348,37.46
32349,27.94
32350,39.56
32351,18.96
32352,32.27
32353,22.59
32354,31.3
32355,40.41
32356,20.01
32357,20.13
32358,36.07
32359,18.84
32360,38.236
32361,19.88
32362,38.39
32363,34.27
32364,31.1
32365,30.56
32366,17.61
32367,20.0
32368,37.24
32369,33.98
32370,24.5
32371,24.58
32372,26.98
32373,18.44
32374,25.64
32375,23.43
32376,23.2
32377,60.0
32378,37.365
32379,31.83
32380,34.745
32381,22.135
32382,30.53
32383,32.6
32384,24.725
32385,35.55
32386,17.125
32387,25.61
32388,47.795
32389,39.03
32390,38.185
32391,35.075
32392,37.145
32393,19.69
32394,19.61
32395,33.32
32396,21.56
32397,30.29
32398,34.46333333333334
32399,14.29
32400,24.51
32401,29.54
32402,34.45
32403,21.65
32404,53.26833333333333
32405,21.37
32406,25.97
32407,12.39
32408,13.01
32409,71.0
32410,57.07666666666667
32411,45.34166666666666
32412,46.865
32413,54.19666666666667
32414,49.01
32415,60.0
32416,59.0
32417,48.540000000000006
32418,52.62
32419,56.534166666666664
32420,50.38333333333334
32421,44.82
32422,55.16
32423,77.0
32424,76.0
32425,47.365
32426,26.64
32427,56.77
32428,56.59
32429,46.94
32430,48.975
32431,49.92
32432,50.17
32433,41.0
32434,44.33
32435,55.44
32436,52.04
32437,44.365
32438,47.885
32439,46.365
32440,50.96666666666667
32441,54.63
32442,51.735
32443,63.0
32444,37.02
32445,43.945
32446,40.49
32447,50.205
32448,50.81
32449,48.44
32450,55.37
32451,48.715
32452,51.525
32453,50.2
32454,49.0
32455,48.81
32456,55.765
32457,37.515
32458,44.78333333333334
32459,70.0
32460,51.93333333333334
32461,83.0
32462,55.845
32463,52.44
32464,38.895
32465,53.305
32466,49.87
32467,56.205
32468,42.665
32469,44.7275
32470,67.0
32471,42.53
32472,49.56
32473,35.94
32474,52.09
32475,47.56
32476,47.93
32477,39.97333333333333
32478,58.0925
32479,39.84666666666667
32480,47.81
32481,46.06
32482,38.2475
32483,35.035
32484,30.4725
32485,58.0
32486,41.465
32487,51.825
32488,56.0
32489,32.8425
32490,41.99
32491,48.68
32492,47.1125
32493,57.395
32494,45.695
32495,33.01
32496,44.14
32497,44.7
32498,36.96
32499,45.59
32500,45.205
32501,45.1
32502,42.01
32503,73.0
32504,53.4
32505,36.97
32506,36.96
32507,51.91333333333333
32508,52.11
32509,46.28
32510,45.69
32511,51.5075
32512,35.79
32513,41.91
32514,41.6
32515,44.895
32516,42.215
32517,37.51
32518,43.79
32519,42.73
32520,69.0
32521,44.585
32522,51.005
32523,35.535
32524,37.56
32525,41.455
32526,57.685
32527,47.795
32528,47.685
32529,41.86
32530,76.0
32531,29.04
32532,31.4
32533,17.97
32534,33.58
32535,33.78
32536,37.515
32537,33.64
32538,29.19
32539,42.92
32540,45.09
32541,44.05
32542,45.805
32543,30.21
32544,46.5
32545,67.0
32546,39.02
32547,45.46
32548,36.35
32549,42.705
32550,40.025
32551,2.0
32552,11.39
32553,37.2475
32554,29.87
32555,38.88
32556,50.195
32557,17.32
32558,51.835
32559,48.17
32560,24.44
32561,35.565
32562,40.335
32563,51.35
32564,42.85583333333333
32565,36.21
32566,45.775
32567,43.89
32568,42.795
32569,41.06
32570,49.405
32571,45.0
32572,37.44
32573,19.51
32574,51.66
32575,34.935
32576,31.025
32577,49.035
32578,35.25
32579,48.2
32580,42.10333333333334
32581,34.11
32582,36.61333333333334
32583,31.16
32584,32.45
32585,28.13
32586,28.665
32587,24.82
32588,28.76
32589,25.62
32590,27.09
32591,19.6
32592,38.52
32593,28.82
32594,30.226666666666667
32595,30.82
32596,24.55
32597,30.66
32598,35.52
32599,26.8
32600,34.295
32601,36.305
32602,33.23
32603,28.32
32604,23.74
32605,26.01
32606,26.8
32607,35.09
32608,31.48
32609,21.96
32610,32.755
32611,26.39
32612,36.23166666666667
32613,34.695
32614,29.14
32615,31.09
32616,25.18
32617,24.795
32618,30.56
32619,28.99
32620,20.355
32621,22.14
32622,15.07
32623,15.52
32624,22.95
32625,25.99
32626,26.59
32627,27.475
32628,35.47
32629,20.85
32630,29.92
32631,28.35
32632,36.575
32633,33.9
32634,31.04
32635,22.47
32636,27.71
32637,22.52
32638,31.185
32639,20.785
32640,28.755
32641,24.53
32642,34.44
32643,28.9
32644,28.3
32645,26.0
32646,29.41
32647,30.73
32648,26.66
32649,22.0
32650,33.26
32651,16.47
32652,38.41
32653,38.225
32654,33.61666666666667
32655,24.82
32656,25.24
32657,26.39
32658,25.86
32659,30.82
32660,24.855
32661,27.35
32662,31.33
32663,29.52
32664,22.41
32665,29.95
32666,38.79
32667,26.44
32668,27.32
32669,30.08
32670,29.9
32671,24.41
32672,23.89
32673,27.56666666666667
32674,33.5
32675,38.425
32676,41.04
32677,33.37
32678,35.805
32679,38.78
32680,41.315
32681,28.25
32682,43.78
32683,46.045
32684,39.81
32685,40.15
32686,39.67
32687,53.55
32688,44.26
32689,27.98
32690,48.43
32691,39.65
32692,38.18
32693,39.1
32694,38.675
32695,37.685
32696,53.945
32697,54.78
32698,37.97
32699,39.0
32700,50.03
32701,49.155
32702,40.58
32703,40.155
32704,43.03
32705,40.52
32706,40.37
32707,44.275
32708,38.445
32709,41.02
32710,43.43
32711,43.76
32712,47.88
32713,54.78999999999999
32714,46.63833333333333
32715,53.31
32716,38.64
32717,50.91
32718,37.635
32719,54.55
32720,38.645
32721,46.0
32722,39.67
32723,48.82
32724,39.33
32725,32.475
32726,38.075
32727,43.39
32728,34.66
32729,43.72
32730,34.87
32731,32.39
32732,41.12
32733,31.82
32734,38.89
32735,50.19
32736,40.86
32737,40.28
32738,37.635
32739,22.1
32740,34.62
32741,49.185
32742,40.64
32743,39.54
32744,51.49
32745,50.44
32746,51.05
32747,50.895
32748,40.28
32749,55.4325
32750,43.89
32751,39.765
32752,32.295
32753,51.46
32754,60.57
32755,53.51
32756,51.86333333333334
32757,51.10285714285714
32758,38.62
32759,67.0
32760,65.0
32761,39.085
32762,23.95
32763,24.35
32764,38.99666666666667
32765,44.14166666666666
32766,46.28333333333333
32767,44.86
32768,30.65
32769,37.22
32770,39.875
32771,28.08
32772,44.155
32773,42.52333333333334
32774,49.40642857142857
32775,46.14333333333333
32776,49.153333333333336
32777,44.73
32778,36.46
32779,42.06666666666666
32780,29.98
32781,50.92666666666666
32782,42.49
32783,40.86333333333334
32784,24.73
32785,40.33
32786,44.57333333333334
32787,46.7825
32788,48.11
32789,42.365
32790,43.4
32791,47.605
32792,30.425
32793,43.28
32794,43.12
32795,43.44
32796,40.54166666666667
32797,19.25
32798,67.0
32799,16.66
32800,35.69
32801,13.71
32802,50.37047619047619
32803,37.12
32804,50.565
32805,21.18
32806,40.55
32807,22.82
32808,54.0
32809,43.66
32810,20.55
32811,42.73
32812,29.88
32813,48.6575
32814,33.61
32815,51.415
32816,27.39
32817,27.05
32818,43.4275
32819,31.52
32820,41.03
32821,34.96
32822,28.99
32823,30.75
32824,77.0
32825,40.21333333333334
32826,43.435
32827,39.03
32828,39.36333333333334
32829,33.21
32830,50.88214285714286
32831,21.36
32832,18.1
